DateTime,Open,High,Low,Close,Volume,Sentiment,lstm_pred,gru_pred,transformer_pred,Action,Reward
2024-11-26 00:00:00+00:00,2610.7,2632.6,2608.8,2630.5,17301.0,-0.887,2612.27,2596.533,2558.832,2,0.0
2024-11-26 04:00:00+00:00,2630.2,2631.6,2610.9,2614.2,13262.0,-0.861,2607.542,2596.744,2582.851,0,0.007382755718766806
2024-11-26 08:00:00+00:00,2614.2,2633.6,2612.8,2633.5,27161.0,-1.0,2602.383,2593.766,2537.331,2,0.0
2024-11-26 12:00:00+00:00,2633.7,2642.7,2616.7,2629.9,66287.0,-1.0,2603.504,2598.703,2567.373,2,0.0
2024-11-26 16:00:00+00:00,2630.0,2631.8,2619.7,2628.7,33580.0,-1.0,2605.213,2601.815,2576.679,0,0.0012553733784761221
2024-11-26 20:00:00+00:00,2628.9,2634.3,2628.1,2632.0,3684.0,-0.97,2606.938,2602.623,2560.47,0,0.0023936170212766647
2024-11-27 00:00:00+00:00,2632.5,2640.8,2627.2,2638.3,4075.0,-0.942,2608.411,2603.762,2547.238,2,0.0
2024-11-27 04:00:00+00:00,2637.9,2648.8,2636.8,2647.4,6022.0,-0.914,2611.148,2606.923,2573.213,1,-0.0012465060058924708
2024-11-27 08:00:00+00:00,2646.8,2679.1,2642.1,2650.7,49274.0,1.0,2615.342,2612.465,2577.842,2,0.0
2024-11-27 12:00:00+00:00,2675.9,2683.4,2634.5,2668.0,103285.0,0.97,2619.554,2617.232,2564.05,2,0.0
2024-11-27 16:00:00+00:00,2667.8,2669.6,2634.2,2659.9,24615.0,-1.0,2626.314,2625.99,2586.698,2,0.0
2024-11-27 20:00:00+00:00,2659.9,2664.2,2634.8,2661.4,4315.0,-0.97,2629.754,2628.734,2574.786,2,0.0
2024-11-28 00:00:00+00:00,2661.3,2662.7,2620.7,2654.0,15728.0,-0.942,2631.73,2629.42,2598.161,0,0.0004898266767144619
2024-11-28 04:00:00+00:00,2654.0,2658.2,2628.8,2655.3,1379.0,-0.914,2631.031,2626.721,2582.533,2,0.0
2024-11-29 12:00:00+00:00,2681.5,2686.4,2652.4,2682.8,21117.0,0.97,2630.221,2624.963,2583.545,1,-0.0007827642761293831
2024-11-29 16:00:00+00:00,2682.8,2686.5,2658.8,2684.9,10641.0,0.942,2635.773,2634.207,2602.224,0,-0.006108234943573351
2024-12-01 20:00:00+00:00,2673.8,2678.5,2645.1,2668.5,4331.0,0.638,2641.136,2642.421,2590.868,1,0.006108300543376497
2024-12-02 00:00:00+00:00,2668.8,2670.3,2621.7,2652.2,29386.0,0.619,2641.24,2640.795,2575.016,1,-3.770454716852568e-05
2024-12-02 04:00:00+00:00,2652.3,2656.3,2622.5,2652.3,15490.0,0.6,2637.01,2631.895,2607.885,1,-0.004675187573049668
2024-12-02 08:00:00+00:00,2652.3,2669.2,2625.9,2664.7,28363.0,0.0,2633.106,2625.403,2595.221,1,-0.0002626937366308676
2024-12-02 12:00:00+00:00,2664.7,2675.0,2638.1,2665.4,46439.0,0.0,2633.101,2626.931,2594.878,0,-0.0018008554063180693
2024-12-02 16:00:00+00:00,2665.5,2667.4,2635.7,2660.6,25005.0,0.0,2633.698,2629.725,2583.255,0,0.0015410057881680482
2024-12-02 20:00:00+00:00,2660.6,2667.4,2639.0,2664.7,7141.0,0.0,2633.041,2629.707,2577.058,1,0.0005629151499230683
2024-12-03 00:00:00+00:00,2664.9,2668.3,2639.2,2663.2,13257.0,0.0,2633.656,2630.628,2597.085,1,-0.0015395013517574211
2024-12-03 04:00:00+00:00,2663.1,2672.8,2638.2,2667.3,13732.0,0.0,2634.224,2630.849,2582.856,0,-0.00041240205451218977
2024-12-03 08:00:00+00:00,2667.2,2670.9,2640.2,2666.2,25231.0,1.0,2635.467,2632.258,2587.153,0,-0.0011627034731077597
2024-12-03 12:00:00+00:00,2666.0,2678.4,2636.0,2663.1,53020.0,1.0,2636.014,2632.893,2578.938,0,7.51004468477612e-05
2024-12-03 16:00:00+00:00,2663.1,2671.7,2638.9,2663.3,23942.0,0.97,2635.532,2631.946,2597.602,2,0.0
2024-12-03 20:00:00+00:00,2663.2,2666.7,2641.7,2664.7,3782.0,0.942,2635.156,2631.173,2582.53,2,0.0
2024-12-04 00:00:00+00:00,2664.7,2670.3,2639.2,2666.7,12742.0,0.914,2635.216,2631.3,2584.84,2,0.0
2024-12-04 04:00:00+00:00,2666.5,2673.6,2643.6,2663.6,12618.0,0.887,2635.712,2632.278,2601.405,1,-0.0016894428592881814
2024-12-04 08:00:00+00:00,2663.5,2669.6,2645.6,2668.1,24944.0,1.0,2635.475,2631.884,2572.297,2,0.0
2024-12-04 12:00:00+00:00,2668.1,2682.0,2637.0,2679.7,71999.0,0.97,2636.152,2632.974,2602.124,1,0.001306116356308542
2024-12-04 16:00:00+00:00,2679.7,2680.4,2650.9,2676.2,26741.0,0.942,2639.417,2638.101,2601.998,1,0.0008594275465210849
2024-12-04 20:00:00+00:00,2676.2,2676.4,2672.4,2673.9,4513.0,0.914,2641.398,2640.568,2638.286,2,0.0
2024-12-05 00:00:00+00:00,2674.0,2674.6,2649.8,2672.8,9598.0,0.887,2642.034,2640.484,2604.202,1,-0.00026189763543842337
2024-12-05 04:00:00+00:00,2672.8,2680.0,2650.0,2673.5,18722.0,0.861,2642.0,2639.527,2605.952,2,0.0
2024-12-05 08:00:00+00:00,2673.4,2676.4,2644.5,2674.8,18618.0,0.835,2641.999,2639.08,2629.359,2,0.0
2024-12-05 12:00:00+00:00,2675.0,2677.9,2633.2,2663.5,54720.0,1.0,2642.234,2639.406,2636.167,0,-0.0040172705087290475
2024-12-05 16:00:00+00:00,2663.7,2666.7,2625.7,2652.8,38767.0,0.97,2639.878,2635.693,2563.483,2,0.0
2024-12-05 20:00:00+00:00,2652.9,2656.8,2651.1,2656.7,4248.0,0.942,2635.335,2628.824,2589.522,0,0.0023337222870479443
2024-12-06 00:00:00+00:00,2656.6,2664.8,2617.5,2662.9,24545.0,0.914,2632.624,2625.761,2601.418,2,0.0
2024-12-06 04:00:00+00:00,2663.0,2666.7,2638.1,2661.8,20628.0,0.887,2632.414,2627.195,2587.048,2,0.0
2024-12-06 08:00:00+00:00,2661.7,2667.9,2636.6,2659.9,22040.0,0.861,2632.483,2628.526,2580.25,0,-0.00015038159329301514
2024-12-06 12:00:00+00:00,2659.8,2665.3,2627.0,2659.5,60898.0,-1.0,2632.19,2628.498,2590.129,0,-0.0010152284263958706
2024-12-06 16:00:00+00:00,2659.5,2663.7,2635.6,2656.8,22829.0,-0.97,2631.961,2628.065,2598.029,2,0.0
2024-12-06 20:00:00+00:00,2656.8,2658.3,2633.4,2654.9,4746.0,-0.942,2631.353,2626.78,2577.646,1,-0.002824965158763042
2024-12-08 20:00:00+00:00,2665.0,2672.7,2658.5,2662.4,6545.0,-0.657,2630.337,2625.164,2587.875,0,-0.0006760817307692991
2024-12-09 00:00:00+00:00,2662.2,2672.9,2630.8,2660.6,21165.0,-0.638,2631.123,2626.935,2583.804,1,-0.004397504322333411
2024-12-09 04:00:00+00:00,2660.5,2673.2,2636.7,2672.3,16576.0,-0.619,2631.626,2628.019,2583.829,1,-0.0022452568948097143
2024-12-09 08:00:00+00:00,2672.5,2682.5,2651.6,2678.3,28358.0,1.0,2634.654,2632.678,2587.49,1,-0.004816488070791037
2024-12-09 12:00:00+00:00,2678.3,2700.0,2657.1,2691.2,63892.0,1.0,2638.572,2638.204,2622.999,0,-0.003084126040427961
2024-12-09 16:00:00+00:00,2691.1,2693.5,2663.0,2682.9,28372.0,0.97,2644.232,2645.988,2648.415,1,-3.727310000369341e-05
2024-12-09 20:00:00+00:00,2682.9,2684.5,2661.6,2683.0,6821.0,0.942,2646.695,2647.904,2613.673,0,0.0036153559448378002
2024-12-10 00:00:00+00:00,2683.0,2694.4,2661.0,2692.7,20036.0,0.914,2647.838,2647.69,2587.326,1,0.002265384186875593
2024-12-10 04:00:00+00:00,2692.8,2696.9,2665.9,2686.6,13502.0,0.887,2650.31,2650.566,2593.782,2,0.0
2024-12-10 08:00:00+00:00,2686.5,2699.5,2663.6,2697.0,31460.0,1.0,2650.969,2650.778,2608.75,2,0.0
2024-12-10 12:00:00+00:00,2697.1,2717.2,2676.8,2712.4,68730.0,0.97,2653.05,2653.836,2606.522,0,0.002175195398908749
2024-12-10 16:00:00+00:00,2712.3,2721.1,2692.9,2718.3,33226.0,0.942,2657.716,2661.527,2627.923,2,0.0
2024-12-10 20:00:00+00:00,2718.2,2726.3,2717.3,2723.8,5800.0,0.914,2662.452,2668.851,2628.021,2,0.0
2024-12-11 00:00:00+00:00,2723.8,2741.0,2701.8,2737.6,38666.0,0.887,2666.839,2674.725,2626.383,1,0.004164231443600267
2024-12-11 04:00:00+00:00,2737.7,2740.9,2700.0,2726.2,43431.0,0.861,2672.138,2682.282,2605.777,0,0.00040349204020261314
2024-12-11 08:00:00+00:00,2726.1,2734.6,2693.1,2727.3,30261.0,1.0,2673.867,2683.341,2619.886,1,-0.010046566201004522
2024-12-11 12:00:00+00:00,2727.5,2759.7,2702.1,2754.7,84990.0,0.97,2674.757,2682.815,2640.68,1,0.0006171270918792675
2024-12-11 16:00:00+00:00,2754.8,2759.0,2726.4,2753.0,39960.0,0.0,2679.609,2691.026,2633.864,1,-0.00032691609153653867
2024-12-11 20:00:00+00:00,2753.3,2755.3,2728.4,2753.9,6748.0,0.0,2683.058,2697.269,2648.249,1,0.002033479792294531
2024-12-12 00:00:00+00:00,2753.9,2761.3,2743.1,2748.3,20105.0,0.0,2685.416,2700.616,2635.483,1,-0.00025470290725168945
2024-12-12 04:00:00+00:00,2748.2,2752.9,2744.5,2749.0,13909.0,0.0,2685.958,2700.213,2642.383,1,0.002364496180429247
2024-12-12 08:00:00+00:00,2749.0,2755.3,2718.4,2742.5,32189.0,-1.0,2686.2,2699.383,2627.228,1,0.01494986326344576
2024-12-12 12:00:00+00:00,2742.5,2744.5,2677.4,2701.5,105736.0,-0.97,2685.335,2696.826,2624.46,0,0.0018138071441791933
2024-12-12 16:00:00+00:00,2701.2,2711.9,2685.2,2706.4,30263.0,-0.942,2677.79,2681.683,2626.678,2,0.0
2024-12-12 20:00:00+00:00,2706.5,2707.5,2683.6,2704.9,4818.0,-0.914,2672.022,2671.295,2624.508,1,-0.001996376945543307
2024-12-13 00:00:00+00:00,2704.9,2716.4,2703.5,2710.3,18921.0,-0.887,2667.76,2666.109,2610.179,1,0.0018448142272073202
2024-12-13 04:00:00+00:00,2710.3,2711.2,2684.8,2705.3,12726.0,-0.861,2665.854,2666.018,2627.108,1,0.0073559309503567405
2024-12-13 08:00:00+00:00,2705.2,2706.4,2664.0,2685.4,38011.0,-0.835,2664.021,2665.385,2607.06,1,0.002308780814776299
2024-12-13 12:00:00+00:00,2685.3,2695.1,2658.3,2679.2,63500.0,-0.811,2659.146,2658.065,2612.944,1,0.0023887727679903093
2024-12-13 16:00:00+00:00,2679.1,2683.7,2671.2,2672.8,27844.0,-0.787,2654.183,2650.19,2602.503,1,0.002581562406465164
2024-12-13 20:00:00+00:00,2672.9,2673.3,2647.9,2665.9,10758.0,0.0,2649.455,2643.413,2604.237,2,0.0
2024-12-15 20:00:00+00:00,2668.0,2670.8,2666.2,2669.3,2590.0,0.0,2644.347,2637.293,2588.704,2,0.0
2024-12-16 00:00:00+00:00,2669.2,2674.1,2661.4,2671.7,14241.0,0.0,2641.299,2635.21,2598.618,1,-0.00018714676048957595
2024-12-16 04:00:00+00:00,2671.7,2674.4,2667.6,2672.2,9592.0,0.0,2640.05,2635.808,2592.506,2,0.0
2024-12-16 08:00:00+00:00,2672.3,2683.3,2657.1,2682.5,24061.0,1.0,2639.862,2636.893,2580.474,0,-0.0036160298229263067
2024-12-16 12:00:00+00:00,2682.4,2683.4,2662.5,2672.8,36065.0,0.97,2642.347,2641.25,2587.738,1,0.0010850044896737842
2024-12-16 16:00:00+00:00,2672.8,2674.2,2651.0,2669.9,18830.0,0.942,2642.492,2640.948,2604.848,0,-0.0005618187947114124
2024-12-16 20:00:00+00:00,2669.8,2671.0,2651.8,2668.4,4100.0,0.914,2641.626,2638.675,2580.053,0,0.0008994153800030321
2024-12-17 00:00:00+00:00,2668.5,2675.8,2651.9,2670.8,11296.0,0.887,2640.476,2636.484,2569.398,1,0.00014976785981731726
2024-12-17 04:00:00+00:00,2670.7,2673.4,2663.7,2670.4,13373.0,0.861,2640.026,2636.146,2602.603,2,0.0
2024-12-17 08:00:00+00:00,2670.2,2670.2,2637.2,2657.2,35163.0,0.835,2639.72,2636.223,2592.656,0,-0.0010537407797680744
2024-12-17 12:00:00+00:00,2657.1,2662.0,2632.5,2654.4,51980.0,1.0,2636.598,2631.572,2588.106,1,-0.0028631705846895376
2024-12-17 16:00:00+00:00,2654.5,2665.3,2651.0,2662.0,20632.0,0.0,2633.206,2626.886,2563.83,0,0.000601051840721228
2024-12-17 20:00:00+00:00,2662.0,2664.1,2659.9,2663.6,4250.0,0.0,2632.611,2627.126,2586.822,0,-0.0011638384141762687
2024-12-18 00:00:00+00:00,2663.7,2667.6,2660.1,2660.5,8794.0,0.0,2633.018,2628.907,2584.924,0,-0.0003758691975192633
2024-12-18 04:00:00+00:00,2660.4,2664.6,2657.3,2659.5,9027.0,0.0,2632.787,2629.04,2588.706,0,0.0008648242150780906
2024-12-18 08:00:00+00:00,2658.5,2665.5,2657.3,2661.8,13529.0,-1.0,2632.315,2628.381,2599.536,2,0.0
2024-12-18 12:00:00+00:00,2661.7,2664.1,2649.6,2654.8,34772.0,-0.97,2632.6,2628.721,2595.168,0,-0.013296670182311354
2024-12-18 16:00:00+00:00,2654.8,2656.2,2618.9,2619.5,51615.0,-0.942,2631.423,2626.584,2613.665,0,-0.006871540370299675
2024-12-18 20:00:00+00:00,2619.4,2624.6,2596.7,2601.5,30351.0,-0.914,2621.794,2611.672,2545.268,0,0.008302902171823912
2024-12-19 00:00:00+00:00,2601.7,2630.0,2601.4,2623.1,28093.0,-0.887,2608.228,2593.579,2568.825,2,0.0
2024-12-19 04:00:00+00:00,2623.4,2635.9,2616.1,2630.1,23107.0,-0.861,2603.118,2591.478,2563.869,0,0.0003041709440706368
2024-12-19 08:00:00+00:00,2630.0,2640.9,2626.5,2630.9,28258.0,-1.0,2603.328,2596.599,2561.228,0,-0.010566726215363633
2024-12-19 12:00:00+00:00,2630.8,2630.9,2601.0,2603.1,66105.0,1.0,2604.837,2601.017,2565.355,2,0.0
2024-12-19 16:00:00+00:00,2603.0,2616.0,2601.7,2611.4,27614.0,0.97,2598.867,2592.445,2580.391,2,0.0
2024-12-19 20:00:00+00:00,2611.5,2615.5,2607.6,2608.8,5043.0,0.942,2595.775,2588.307,2567.011,2,0.0
2024-12-20 00:00:00+00:00,2608.7,2618.0,2603.7,2612.3,19851.0,0.914,2593.872,2586.174,2540.668,0,0.002947594074187428
2024-12-20 04:00:00+00:00,2612.3,2621.5,2610.6,2620.0,10077.0,0.887,2593.216,2586.702,2549.988,2,0.0
2024-12-20 08:00:00+00:00,2620.1,2622.3,2614.8,2618.4,16436.0,0.861,2594.912,2590.545,2544.539,2,0.0
2024-12-20 12:00:00+00:00,2618.4,2652.7,2614.4,2652.1,58089.0,0.835,2596.534,2592.714,2563.694,0,-0.0015459447230496246
2024-12-20 16:00:00+00:00,2652.2,2653.8,2641.2,2648.0,31073.0,0.811,2606.981,2606.5,2579.395,2,0.0
2024-12-20 20:00:00+00:00,2647.8,2648.2,2638.0,2640.8,7218.0,0.787,2614.851,2614.774,2577.451,0,0.00022720387761281013
2024-12-22 20:00:00+00:00,2639.1,2641.9,2638.0,2641.4,1806.0,0.549,2617.398,2615.211,2569.539,1,0.0008707503596578261
2024-12-23 00:00:00+00:00,2641.5,2643.0,2634.2,2639.1,12415.0,0.533,2618.425,2614.115,2559.881,2,0.0
2024-12-23 04:00:00+00:00,2639.0,2646.8,2638.8,2643.9,11217.0,0.517,2618.126,2612.384,2565.35,1,0.005257384923786864
2024-12-23 08:00:00+00:00,2643.9,2646.5,2627.2,2630.0,19003.0,1.0,2618.679,2613.088,2583.09,0,-0.0020152091254753545
2024-12-23 12:00:00+00:00,2630.2,2633.9,2624.0,2624.7,30767.0,-1.0,2615.592,2608.744,2560.834,2,0.0
2024-12-23 16:00:00+00:00,2624.6,2633.0,2623.2,2626.8,21616.0,-0.97,2611.058,2603.186,2592.956,0,0.0011801431399421003
2024-12-23 20:00:00+00:00,2626.8,2631.9,2624.9,2629.9,3786.0,-0.942,2608.505,2600.814,2561.012,1,-0.0007985094490284456
2024-12-24 00:00:00+00:00,2629.8,2634.0,2627.4,2632.0,7086.0,-0.914,2607.885,2601.388,2579.592,0,0.0005319148936170559
2024-12-24 04:00:00+00:00,2632.0,2633.5,2631.6,2633.4,1853.0,-0.887,2608.344,2603.092,2566.201,2,0.0
2024-12-24 12:00:00+00:00,2628.6,2632.6,2624.2,2626.6,10024.0,0.97,2609.327,2604.777,2571.322,2,0.0
2024-12-24 16:00:00+00:00,2626.5,2635.8,2626.5,2634.2,8437.0,0.0,2608.43,2603.089,2570.036,1,-0.0022018070002278426
2024-12-26 04:00:00+00:00,2643.8,2644.0,2638.4,2640.0,5622.0,0.0,2609.594,2604.374,2568.568,0,0.0014393939393940083
2024-12-26 08:00:00+00:00,2640.0,2646.2,2639.9,2643.8,8381.0,0.0,2612.192,2607.932,2584.248,2,0.0
2024-12-26 12:00:00+00:00,2643.8,2655.6,2637.9,2652.8,27873.0,0.0,2615.154,2611.742,2600.57,1,-0.000226176115802137
2024-12-26 16:00:00+00:00,2652.9,2654.6,2645.3,2653.4,20689.0,0.0,2619.511,2617.221,2584.277,2,0.0
2024-12-26 20:00:00+00:00,2653.3,2655.7,2651.8,2652.8,3951.0,0.0,2622.958,2620.797,2585.118,2,0.0
2024-12-27 00:00:00+00:00,2652.8,2653.9,2647.2,2652.5,8275.0,0.0,2625.037,2622.108,2572.251,0,-0.001394910461828395
2024-12-27 04:00:00+00:00,2652.4,2652.6,2647.3,2648.8,8666.0,0.0,2626.122,2622.248,2560.207,2,0.0
2024-12-27 08:00:00+00:00,2648.7,2648.7,2638.3,2644.2,13675.0,0.0,2625.621,2620.704,2596.05,0,-0.004122229785946463
2024-12-27 12:00:00+00:00,2644.1,2646.5,2625.2,2633.3,38465.0,0.0,2623.827,2617.789,2568.321,2,0.0
2024-12-27 16:00:00+00:00,2633.4,2637.0,2629.0,2636.3,16130.0,0.0,2619.568,2611.805,2564.807,1,7.586390016321087e-05
2024-12-27 20:00:00+00:00,2636.3,2636.6,2628.6,2636.1,5534.0,0.0,2616.701,2608.971,2589.847,2,0.0
2024-12-29 20:00:00+00:00,2636.1,2640.5,2633.6,2638.7,1756.0,0.0,2614.983,2608.083,2582.149,0,0.0004547693940198859
2024-12-30 00:00:00+00:00,2638.9,2640.7,2635.4,2639.9,7304.0,0.0,2614.67,2608.959,2572.681,0,-0.004166824500928065
2024-12-30 04:00:00+00:00,2639.8,2639.8,2627.6,2628.9,9148.0,0.0,2615.108,2610.26,2572.912,1,-0.00022823234052261746
2024-12-30 08:00:00+00:00,2628.8,2631.7,2621.3,2629.5,19168.0,1.0,2612.889,2606.888,2562.505,2,0.0
2024-12-30 12:00:00+00:00,2629.4,2636.9,2611.9,2613.6,42437.0,0.97,2610.998,2604.256,2568.036,2,0.0
2024-12-30 16:00:00+00:00,2613.7,2621.7,2608.4,2620.3,21958.0,0.942,2605.588,2596.92,2560.313,1,3.816356905711704e-05
2024-12-30 20:00:00+00:00,2620.3,2623.2,2617.8,2620.2,3361.0,0.914,2602.598,2594.458,2581.005,2,0.0
2024-12-31 00:00:00+00:00,2620.2,2624.0,2615.5,2616.6,6760.0,0.887,2601.071,2594.217,2542.067,2,0.0
2024-12-31 04:00:00+00:00,2616.5,2626.5,2614.3,2625.9,7920.0,0.861,2599.325,2593.1,2568.148,0,-0.0009520545336836894
2024-12-31 08:00:00+00:00,2626.0,2629.7,2622.2,2623.4,11486.0,1.0,2600.74,2595.926,2592.475,2,0.0
2024-12-31 12:00:00+00:00,2623.6,2641.0,2617.4,2640.2,26272.0,0.97,2601.911,2597.351,2561.25,2,0.0
2024-12-31 16:00:00+00:00,2640.0,2642.0,2636.5,2637.9,25871.0,1.0,2607.115,2604.23,2579.627,1,-0.0005307251980742601
2024-12-31 20:00:00+00:00,2637.8,2639.4,2636.8,2639.3,2520.0,0.97,2611.018,2608.248,2578.319,1,-0.003258439737809233
2025-01-02 04:00:00+00:00,2645.8,2648.8,2643.6,2647.9,6878.0,0.763,2613.54,2610.257,2580.775,0,0.0025303070357641216
2025-01-02 08:00:00+00:00,2648.0,2659.4,2642.6,2654.6,23550.0,0.741,2617.303,2614.224,2570.153,2,0.0
2025-01-02 12:00:00+00:00,2654.7,2669.7,2648.2,2667.7,54357.0,0.719,2621.718,2619.312,2592.917,2,0.0
2025-01-02 16:00:00+00:00,2667.7,2674.2,2663.2,2668.2,34002.0,1.0,2627.841,2627.11,2602.289,2,0.0
2025-01-02 20:00:00+00:00,2668.3,2674.1,2667.7,2671.1,5014.0,1.0,2632.454,2632.142,2595.535,0,0.002358578862640928
2025-01-03 00:00:00+00:00,2671.3,2681.0,2670.3,2677.4,18451.0,0.97,2635.865,2635.325,2603.368,0,-0.0029132740718608285
2025-01-03 04:00:00+00:00,2677.1,2679.4,2667.9,2669.6,9639.0,0.942,2639.528,2639.016,2589.56,1,-0.0009364698831285587
2025-01-03 08:00:00+00:00,2669.6,2673.5,2664.3,2672.1,17668.0,-1.0,2640.254,2638.388,2574.953,0,-0.005314172373788339
2025-01-03 12:00:00+00:00,2672.1,2672.8,2655.0,2657.9,40284.0,-0.97,2640.646,2637.956,2594.719,2,0.0
2025-01-03 16:00:00+00:00,2657.8,2661.3,2652.3,2653.3,22131.0,-0.942,2637.675,2632.708,2616.404,2,0.0
2025-01-03 20:00:00+00:00,2653.3,2654.0,2649.7,2652.6,5814.0,-0.914,2633.808,2626.996,2579.975,0,0.0003769886149438287
2025-01-05 20:00:00+00:00,2652.8,2655.2,2651.6,2653.6,1804.0,-0.638,2630.714,2623.516,2588.802,2,0.0
2025-01-06 00:00:00+00:00,2653.6,2661.0,2651.2,2652.2,10886.0,-0.619,2628.802,2622.435,2571.212,2,0.0
2025-01-06 04:00:00+00:00,2652.2,2652.9,2636.6,2638.7,19844.0,-0.6,2627.375,2621.826,2577.802,0,0.007844772046841352
2025-01-06 08:00:00+00:00,2638.6,2663.8,2637.5,2659.4,27067.0,-0.583,2623.391,2616.574,2550.574,0,-0.00522674287433259
2025-01-06 12:00:00+00:00,2659.4,2661.7,2624.6,2645.5,75458.0,-1.0,2625.051,2620.325,2577.465,2,0.0
2025-01-06 16:00:00+00:00,2644.3,2652.7,2643.4,2645.6,23535.0,0.0,2624.215,2619.301,2575.478,2,0.0
2025-01-06 20:00:00+00:00,2645.5,2647.8,2643.7,2645.1,3551.0,0.0,2623.04,2617.579,2568.682,2,0.0
2025-01-07 00:00:00+00:00,2645.3,2652.1,2643.5,2650.7,9017.0,0.0,2622.037,2616.371,2576.438,1,-0.0005658882559323952
2025-01-07 04:00:00+00:00,2650.5,2657.6,2647.7,2652.2,10608.0,0.0,2622.765,2617.918,2574.66,1,-0.002790136490460784
2025-01-07 08:00:00+00:00,2652.1,2659.9,2651.2,2659.6,14983.0,1.0,2624.03,2619.918,2579.706,1,-0.0005263949466085468
2025-01-07 12:00:00+00:00,2659.7,2678.5,2653.8,2661.0,85484.0,-1.0,2626.752,2623.807,2587.299,0,0.0010146561443065832
2025-01-07 16:00:00+00:00,2661.1,2670.4,2659.9,2663.7,28278.0,1.0,2629.108,2626.851,2597.53,1,-3.754176521393693e-05
2025-01-07 20:00:00+00:00,2663.8,2666.0,2661.6,2663.8,4497.0,0.97,2631.605,2629.361,2596.392,0,-0.0013889931676553317
2025-01-08 00:00:00+00:00,2663.8,2666.2,2659.3,2660.1,8518.0,0.942,2633.22,2630.642,2581.392,0,0.002368332017593392
2025-01-08 04:00:00+00:00,2660.0,2668.5,2658.4,2666.4,9018.0,0.914,2633.32,2629.753,2580.285,1,0.0008625862586259308
2025-01-08 08:00:00+00:00,2666.4,2669.3,2660.3,2664.1,20001.0,0.887,2634.45,2631.074,2587.388,1,-0.006531286363124542
2025-01-08 12:00:00+00:00,2664.1,2683.9,2658.9,2681.5,70324.0,-1.0,2634.886,2631.491,2571.545,1,0.0025731866492635057
2025-01-08 16:00:00+00:00,2681.3,2687.0,2665.3,2674.6,58166.0,-0.97,2638.855,2637.74,2586.987,2,0.0
2025-01-08 20:00:00+00:00,2674.8,2681.5,2674.7,2679.2,6316.0,-0.942,2640.776,2640.054,2589.717,1,0.00044789489399814055
2025-01-09 00:00:00+00:00,2679.2,2680.9,2674.3,2678.0,8991.0,-0.914,2642.747,2642.036,2580.373,2,0.0
2025-01-09 04:00:00+00:00,2678.0,2683.9,2673.7,2678.9,10866.0,-0.887,2643.906,2642.717,2594.686,0,0.00313561536451532
2025-01-09 08:00:00+00:00,2678.8,2690.7,2676.9,2687.3,31263.0,-1.0,2644.74,2643.126,2586.594,2,0.0
2025-01-09 12:00:00+00:00,2687.3,2696.8,2686.0,2687.5,41280.0,-0.97,2646.915,2646.256,2614.52,1,-0.0014139534883721608
2025-01-09 16:00:00+00:00,2687.5,2693.5,2681.8,2691.3,37470.0,-0.942,2648.664,2648.695,2613.108,0,0.0007431352877791402
2025-01-09 20:00:00+00:00,2691.3,2693.8,2690.6,2693.3,2724.0,-0.914,2650.499,2651.188,2611.935,0,0.001633683585192751
2025-01-10 00:00:00+00:00,2693.5,2698.7,2692.9,2697.7,9191.0,-0.887,2652.335,2653.348,2593.21,0,0.0008896467361085707
2025-01-10 04:00:00+00:00,2697.6,2703.4,2694.9,2700.1,13707.0,-0.861,2700.1,2700.1,2700.1,2,0.0
