DateTime,Close,real_Reward,norm_Close,norm_Reward
2024-11-26 00:00:00+00:00,2630.5,0.006196540581638541,-1.047741892431453,0.5208033425792732
2024-11-26 04:00:00+00:00,2614.2,0.007382755718766806,-1.593409372170087,0.40548090686614463
2024-11-26 08:00:00+00:00,2633.5,0.0013670020884753785,-0.947312294933546,0.12721836045201926
2024-11-26 12:00:00+00:00,2629.9,0.00045629111373066383,-1.0678278119310314,0.03762014675992208
2024-11-26 16:00:00+00:00,2628.7,0.0012553733784761221,-1.1079996509302033,0.09970450546167439
2024-11-26 20:00:00+00:00,2632.0,0.0023936170212766647,-0.9975270936824995,0.21142498893642905
2024-11-27 00:00:00+00:00,2638.3,0.0034491907667816048,-0.7866249389368888,0.3872702614226286
2024-11-27 04:00:00+00:00,2647.4,0.0012465060058924708,-0.4819884931932406,0.22920164860325296
2024-11-27 08:00:00+00:00,2650.7,0.0065265778850870275,-0.3715159359455521,1.5588672145757252
2024-11-27 12:00:00+00:00,2668.0,0.003035982008995468,0.20762807629238425,1.3059886605243853
2024-11-27 16:00:00+00:00,2659.9,0.0005639309748486785,-0.06353183695196155,0.7903879559931898
2024-11-27 20:00:00+00:00,2661.4,0.002780491470654577,-0.013317038203008058,18.60220994476713
2024-11-28 00:00:00+00:00,2654.0,0.0004898266767144619,-0.2610433786978483,0.16671364148819084
2024-11-28 04:00:00+00:00,2655.3,0.010356645200165706,-0.2175238864487492,4.232200236766722
2024-11-29 12:00:00+00:00,2682.8,0.0007827642761293831,0.7030807572820648,0.09998953537044147
2024-11-29 16:00:00+00:00,2684.9,0.006108234943573351,0.7733814755305966,0.7098891690053687
2024-12-01 20:00:00+00:00,2668.5,0.006108300543376497,0.2243663425420354,2.4320380390227307
2024-12-02 00:00:00+00:00,2652.2,3.770454716852568e-05,-0.3213011371965986,0.01041905198080278
2024-12-02 04:00:00+00:00,2652.3,0.004675187573049668,-0.3179534839466562,1.3055651972694866
2024-12-02 08:00:00+00:00,2664.7,0.0002626937366308676,0.09715551904468048,0.24119651647112286
2024-12-02 12:00:00+00:00,2665.4,0.0018008554063180693,0.12058909179420124,1.3325198291640523
2024-12-02 16:00:00+00:00,2660.6,0.0015410057881680482,-0.04009826420245601,3.422935779816866
2024-12-02 20:00:00+00:00,2664.7,0.0005629151499230683,0.09715551904468048,0.5168496781522046
2024-12-03 00:00:00+00:00,2663.2,0.0015395013517574211,0.04694072029572699,2.923981191222707
2024-12-03 04:00:00+00:00,2667.3,0.00041240205451218977,0.1841945035428787,0.19992011184346994
2024-12-03 08:00:00+00:00,2666.2,0.0011627034731077597,0.14737031779363396,0.7041937094358162
2024-12-03 12:00:00+00:00,2663.1,7.51004468477612e-05,0.04359306704579981,0.15358649789048712
2024-12-03 16:00:00+00:00,2663.3,0.000525663650358441,0.0502883735456694,0.9319678127280983
2024-12-03 20:00:00+00:00,2664.7,0.0007505535332307578,0.09715551904468048,0.6891329042029395
2024-12-04 00:00:00+00:00,2666.7,0.0011624854689316043,0.16410858404328513,0.6323694238959613
2024-12-04 04:00:00+00:00,2663.6,0.0016894428592881814,0.06033133329545097,2.496951219511988
2024-12-04 08:00:00+00:00,2668.1,0.004347663131067017,0.21097572954231145,1.8406277244986338
2024-12-04 12:00:00+00:00,2679.7,0.001306116356308542,0.5993035065342154,0.19550672150266957
2024-12-04 16:00:00+00:00,2676.2,0.0008594275465210849,0.4821356427866572,0.15969784831372977
2024-12-04 20:00:00+00:00,2673.9,0.00041138412057291183,0.40513961803827103,0.0908925814945873
2024-12-05 00:00:00+00:00,2672.8,0.00026189763543842337,0.3683154322890415,0.06362365161803932
2024-12-05 04:00:00+00:00,2673.5,0.00048625397419120326,0.39174900503854704,0.11109024321533867
2024-12-05 08:00:00+00:00,2674.8,0.004224614924480403,0.43526849728764616,0.8690838404327106
2024-12-05 12:00:00+00:00,2663.5,0.0040172705087290475,0.05698368004552378,6.2859909619099135
2024-12-05 16:00:00+00:00,2652.8,0.001470144752713976,-0.301215217697005,0.433439179286741
2024-12-05 20:00:00+00:00,2656.7,0.0023337222870479443,-0.17065674094973812,1.216210390170363
2024-12-06 00:00:00+00:00,2662.9,0.0004130834804160536,0.03689776054594543,0.9980059820534556
2024-12-06 04:00:00+00:00,2661.8,0.0007138026899091182,7.357479671591606e-05,864.4999998337479
2024-12-06 08:00:00+00:00,2659.9,0.00015038159329301514,-0.06353183695196155,0.21077012159823194
2024-12-06 12:00:00+00:00,2659.5,0.0010152284263958706,-0.07692244995168553,1.1750358680057829
2024-12-06 16:00:00+00:00,2656.8,0.0007151460403493266,-0.16730908769979572,0.38016710642045487
2024-12-06 20:00:00+00:00,2654.9,0.002824965158763042,-0.23091449944847317,1.0873028516807917
2024-12-08 20:00:00+00:00,2662.4,0.0006760817307692991,0.020159494296294267,2.989051094889166
2024-12-09 00:00:00+00:00,2660.6,0.004397504322333411,-0.04009826420245601,9.76788990825833
2024-12-09 04:00:00+00:00,2672.3,0.0022452568948097143,0.3515771660393903,0.5713089881761831
2024-12-09 08:00:00+00:00,2678.3,0.004816488070791037,0.5524363610352043,0.7817140574015694
2024-12-09 12:00:00+00:00,2691.2,0.003084126040427961,0.9842836302761921,0.28229182239496703
2024-12-09 16:00:00+00:00,2682.9,3.727310000369341e-05,0.7064284105319919,0.004738842889127613
2024-12-09 20:00:00+00:00,2683.0,0.0036153559448378002,0.7097760637819192,0.45749974085206446
2024-12-10 00:00:00+00:00,2692.7,0.002265384186875593,1.0344984290251455,0.19739696312364088
2024-12-10 04:00:00+00:00,2686.6,0.0038710637981091683,0.8302915807794045,0.4193176783340729
2024-12-10 08:00:00+00:00,2697.0,0.005710048201705633,1.1784475187721517,0.43747268527189814
2024-12-10 12:00:00+00:00,2712.4,0.002175195398908749,1.6939861192614105,0.1165957261987502
2024-12-10 16:00:00+00:00,2718.3,0.002023323400654821,1.8914976610072973,0.09734134624734944
2024-12-10 20:00:00+00:00,2723.8,0.005066451281298086,2.0756185897534603,0.222572755308207
2024-12-11 00:00:00+00:00,2737.6,0.004164231443600267,2.537594738243823,0.15039141780226242
2024-12-11 04:00:00+00:00,2726.2,0.00040349204020261314,2.1559622677517734,0.017080162440711515
2024-12-11 08:00:00+00:00,2727.3,0.010046566201004522,2.1927864535010184,0.4183065747311473
2024-12-11 12:00:00+00:00,2754.7,0.0006171270918792675,3.1100434439818896,0.01829881359340236
2024-12-11 16:00:00+00:00,2753.0,0.00032691609153653867,3.053133338733082,0.009868183242163016
2024-12-11 20:00:00+00:00,2753.9,0.002033479792294531,3.083262217982457,0.06080202355243099
2024-12-12 00:00:00+00:00,2748.3,0.00025470290725168945,2.895793635986367,0.008092279939528185
2024-12-12 04:00:00+00:00,2749.0,0.002364496180429247,2.919227208735873,0.07453940570103576
2024-12-12 08:00:00+00:00,2742.5,0.01494986326344576,2.7016297474904074,0.5080406868285229
2024-12-12 12:00:00+00:00,2701.5,0.0018138071441791933,1.3290919150190121,0.12341886019541251
2024-12-12 16:00:00+00:00,2706.4,0.0005542417972214011,1.4931269242655967,0.03363062974278096
2024-12-12 20:00:00+00:00,2704.9,0.001996376945543307,1.442912125516643,0.1252836346021479
2024-12-13 00:00:00+00:00,2710.3,0.0018448142272073202,1.6236854010128787,0.10308811201486187
2024-12-13 04:00:00+00:00,2705.3,0.0073559309503567405,1.4563027385163672,0.45744815217116497
2024-12-13 08:00:00+00:00,2685.4,0.002308780814776299,0.7901197417802478,0.2626874010615592
2024-12-13 12:00:00+00:00,2679.2,0.0023887727679903093,0.5825652402845642,0.36776963879765406
2024-12-13 16:00:00+00:00,2672.8,0.002581562406465164,0.3683154322890415,0.6271474230922734
2024-12-13 20:00:00+00:00,2665.9,0.0012753666679170602,0.1373273580438524,0.8288240021430036
2024-12-15 20:00:00+00:00,2669.3,0.0008991121267746735,0.25114756854148335,0.31990625457734684
2024-12-16 00:00:00+00:00,2671.7,0.00018714676048957595,0.3314912465397968,0.050493840861169294
2024-12-16 04:00:00+00:00,2672.2,0.003854501908539848,0.3482295127894479,0.9901753644622981
2024-12-16 08:00:00+00:00,2682.5,0.0036160298229263067,0.693037797532268,0.4685492860555089
2024-12-16 12:00:00+00:00,2672.8,0.0010850044896737842,0.3683154322890415,0.26358369956052546
2024-12-16 16:00:00+00:00,2669.9,0.0005618187947114124,0.27123348804106173,0.18513495185134202
2024-12-16 20:00:00+00:00,2668.4,0.0008994153800030321,0.22101868929210822,0.36351531291610745
2024-12-17 00:00:00+00:00,2670.8,0.00014976785981731726,0.30136236729043686,0.04443359375000808
2024-12-17 04:00:00+00:00,2670.4,0.004943079688436291,0.28797175429071287,1.5344915687276168
2024-12-17 08:00:00+00:00,2657.2,0.0010537407797680744,-0.15391847470008696,0.6089866156787247
2024-12-17 12:00:00+00:00,2654.4,0.0028631705846895376,-0.24765276569812433,1.0273321449792374
2024-12-17 16:00:00+00:00,2662.0,0.000601051840721228,0.006768881296570292,7.9130434782509935
2024-12-17 20:00:00+00:00,2663.6,0.0011638384141762687,0.06033133329545097,1.7201219512193187
2024-12-18 00:00:00+00:00,2660.5,0.0003758691975192633,-0.043445917452383194,0.7705334462321499
2024-12-18 04:00:00+00:00,2659.5,0.0008648242150780906,-0.07692244995168553,1.000956480153221
2024-12-18 08:00:00+00:00,2661.8,0.0026297993838755728,7.357479671591606e-05,3184.9999993873394
2024-12-18 12:00:00+00:00,2654.8,0.013296670182311354,-0.23426215269840037,5.044440954774201
2024-12-18 16:00:00+00:00,2619.5,0.006871540370299675,-1.4159837499237786,0.42555402561638034
2024-12-18 20:00:00+00:00,2601.5,0.008302902171823912,-2.0185613349112206,0.35822201162727124
2024-12-19 00:00:00+00:00,2623.1,0.00266859822347604,-1.2954682329262932,0.18088882578446758
2024-12-19 04:00:00+00:00,2630.1,0.0003041709440706368,-1.0611325054311769,0.02523834286705391
2024-12-19 08:00:00+00:00,2630.9,0.010566726215363633,-1.0343512794317289,0.8997403705943181
2024-12-19 12:00:00+00:00,2603.1,0.0031885060120626107,-1.9649988829123397,0.1414022278386256
2024-12-19 16:00:00+00:00,2611.4,0.0009956345255418201,-1.6871436631681243,0.05158955126248173
2024-12-19 20:00:00+00:00,2608.8,0.0013416130021465806,-1.7741826476663074,0.06604047441320449
2024-12-20 00:00:00+00:00,2612.3,0.002947594074187428,-1.6570147839187492,0.15556246253579673
2024-12-20 04:00:00+00:00,2620.0,0.0006106870229007287,-1.3992454836741275,0.038279524660845644
2024-12-20 08:00:00+00:00,2618.4,0.012870455239841054,-1.4528079356730081,0.7765370201559827
2024-12-20 12:00:00+00:00,2652.1,0.0015459447230496246,-0.3246487904465258,0.42277620396600285
2024-12-20 16:00:00+00:00,2648.0,0.0027190332326283303,-0.4619025736936623,0.5218222363810089
2024-12-20 20:00:00+00:00,2640.8,0.00022720387761281013,-0.7029336076886329,0.028574419091476146
2024-12-22 20:00:00+00:00,2641.4,0.0008707503596578261,-0.6828476881890546,0.11275724598643455
2024-12-23 00:00:00+00:00,2639.1,0.0018188018642719798,-0.759843712937456,0.21147421931736604
2024-12-23 04:00:00+00:00,2643.9,0.005257384923786864,-0.5991563569407987,0.776631669429626
2024-12-23 08:00:00+00:00,2630.0,0.0020152091254753545,-1.0644801586811041,0.1666781863422796
2024-12-23 12:00:00+00:00,2624.7,0.0008000914390217411,-1.2419057809274126,0.056607126988368596
2024-12-23 16:00:00+00:00,2626.8,0.0011801431399421003,-1.1716050626788654,0.08857699070585119
2024-12-23 20:00:00+00:00,2629.9,0.0007985094490284456,-1.0678278119310314,0.06583525682984596
2024-12-24 00:00:00+00:00,2632.0,0.0005319148936170559,-0.9975270936824995,0.04698333087476368
2024-12-24 04:00:00+00:00,2633.4,0.002582213108528967,-0.9506599481834732,0.23945515053015384
2024-12-24 12:00:00+00:00,2626.6,0.002893474453666302,-1.178300369178735,0.2159225725881969
2024-12-24 16:00:00+00:00,2634.2,0.0022018070002278426,-0.9238787221840404,0.210161662817559
2024-12-26 04:00:00+00:00,2640.0,0.0014393939393940083,-0.7297148336880809,0.17432950191571905
2024-12-26 08:00:00+00:00,2643.8,0.003404190937287238,-0.602504010190726,0.500061057516192
2024-12-26 12:00:00+00:00,2652.8,0.000226176115802137,-0.301215217697005,0.06668295065949467
2024-12-26 16:00:00+00:00,2653.4,0.00022612497173434424,-0.28112929819742666,0.07144726511383646
2024-12-26 20:00:00+00:00,2652.8,0.00011308805790115421,-0.301215217697005,0.03334147532977268
2024-12-27 00:00:00+00:00,2652.5,0.001394910461828395,-0.3112581774468018,0.39794350549579516
2024-12-27 04:00:00+00:00,2648.8,0.0017366354575658273,-0.43512134769421434,0.35390598579645466
2024-12-27 08:00:00+00:00,2644.2,0.004122229785946463,-0.5891133971910172,0.6193955289121832
2024-12-27 12:00:00+00:00,2633.3,0.0011392549272775604,-0.9540076014334004,0.10527127598041257
2024-12-27 16:00:00+00:00,2636.3,7.586390016321087e-05,-0.8535780039354934,0.007843813300015144
2024-12-27 20:00:00+00:00,2636.1,0.0009863055271044,-0.860273310435363,0.10117596750053162
2024-12-29 20:00:00+00:00,2638.7,0.0004547693940198859,-0.77323432593718,0.051952994909379734
2024-12-30 00:00:00+00:00,2639.9,0.004166824500928065,-0.733062486938008,0.5023335173382925
2024-12-30 04:00:00+00:00,2628.9,0.00022823234052261746,-1.1013043444303336,0.01823830043090235
2024-12-30 08:00:00+00:00,2629.5,0.006046776953793531,-1.0812184249307553,0.4922935592528389
2024-12-30 12:00:00+00:00,2613.6,0.0025635139271503954,-1.6134952916696652,0.13901048791610268
2024-12-30 16:00:00+00:00,2620.3,3.816356905711704e-05,-1.3892025239243306,0.0024097661732471027
2024-12-30 20:00:00+00:00,2620.2,0.0013739409205403821,-1.392550177174273,0.0865430337612914
2024-12-31 00:00:00+00:00,2616.6,0.003554230681036529,-1.5130656941717584,0.20576221735959624
2024-12-31 04:00:00+00:00,2625.9,0.0009520545336836894,-1.2017339419282407,0.06964214650870962
2024-12-31 08:00:00+00:00,2623.4,0.006403903331554367,-1.2854252731764964,0.4375250414973351
2024-12-31 12:00:00+00:00,2640.2,0.0008711461252934351,-0.7230195271882265,0.10649231708556815
2024-12-31 16:00:00+00:00,2637.9,0.0005307251980742601,-0.8000155519366127,0.058582793028928104
2024-12-31 20:00:00+00:00,2639.3,0.003258439737809233,-0.7531484064375864,0.38225956137351946
2025-01-02 04:00:00+00:00,2647.9,0.0025303070357641216,-0.4652502269435895,0.482090614374949
2025-01-02 08:00:00+00:00,2654.6,0.00493483010623066,-0.24095745919826997,1.8200000000000252
2025-01-02 12:00:00+00:00,2667.7,0.00018742737189339132,0.19758511654258745,0.08471420592068432
2025-01-02 16:00:00+00:00,2668.2,0.0010868750468480965,0.21432338279223861,0.4529694473051937
2025-01-02 20:00:00+00:00,2671.1,0.002358578862640928,0.3114053270402184,0.6772593030124129
2025-01-03 00:00:00+00:00,2677.4,0.0029132740718608285,0.5223074817858292,0.4999295675447257
2025-01-03 04:00:00+00:00,2669.6,0.0009364698831285587,0.26119052829126493,0.3204225352112613
2025-01-03 08:00:00+00:00,2672.1,0.005314172373788339,0.3448818595395207,1.378346666666629
2025-01-03 12:00:00+00:00,2657.9,0.001730689642198694,-0.1304849019505662,1.1801522413307792
2025-01-03 16:00:00+00:00,2653.3,0.00026382240982937203,-0.28447695144735385,0.08237424026901323
2025-01-03 20:00:00+00:00,2652.6,0.0003769886149438287,-0.3079105241968746,0.1087216248506589
2025-01-05 20:00:00+00:00,2653.6,0.0005275851673199017,-0.27443399169757227,0.1707774798927757
2025-01-06 00:00:00+00:00,2652.2,0.005090113867732449,-0.3213011371965986,1.4065720174032603
2025-01-06 04:00:00+00:00,2638.7,0.007844772046841352,-0.77323432593718,0.8961891621866072
2025-01-06 08:00:00+00:00,2659.4,0.00522674287433259,-0.08027010320161271,5.796975252063168
2025-01-06 12:00:00+00:00,2645.5,3.780003780000342e-05,-0.5455939049419181,0.006135796642162855
2025-01-06 16:00:00+00:00,2645.6,0.00018899304505594195,-0.5422462516919909,0.030868385345997517
2025-01-06 20:00:00+00:00,2645.1,0.0021171222260027633,-0.5589845179416421,0.33537347811779944
2025-01-07 00:00:00+00:00,2650.7,0.0005658882559323952,-0.3715159359455521,0.13516189721754707
2025-01-07 04:00:00+00:00,2652.2,0.002790136490460784,-0.3213011371965986,0.7710098465766114
2025-01-07 08:00:00+00:00,2659.6,0.0005263949466085468,-0.07357479670175833,0.6370000000000847
2025-01-07 12:00:00+00:00,2661.0,0.0010146561443065832,-0.026707651202732035,3.3842975206619506
2025-01-07 16:00:00+00:00,2663.7,3.754176521393693e-05,0.06367898654537815,0.05257076834218861
2025-01-07 20:00:00+00:00,2663.8,0.0013889931676553317,0.06702663979532057,1.8479692645442025
2025-01-08 00:00:00+00:00,2660.1,0.002368332017593392,-0.056836530452107174,3.71067961165092
2025-01-08 04:00:00+00:00,2666.4,0.0008625862586259308,0.15406562429350357,0.49976122254059563
2025-01-08 08:00:00+00:00,2664.1,0.006531286363124542,0.07706959954510213,7.557995226729857
2025-01-08 12:00:00+00:00,2681.5,0.0025731866492635057,0.6595612650329656,0.3502147359027277
2025-01-08 16:00:00+00:00,2674.6,0.0017198833470425145,0.42857319078777656,0.3593133047210188
2025-01-08 20:00:00+00:00,2679.2,0.00044789489399814055,0.5825652402845642,0.06895680727455371
2025-01-09 00:00:00+00:00,2678.0,0.0003360716952950302,0.5423934012854075,0.05554801953337428
2025-01-09 04:00:00+00:00,2678.9,0.00313561536451532,0.5725222805347826,0.4911649424918033
2025-01-09 08:00:00+00:00,2687.3,7.442414319198381e-05,0.8537251535289252,0.00784246132631671
2025-01-09 12:00:00+00:00,2687.5,0.0014139534883721608,0.8604204600287796,0.14784727863526156
2025-01-09 16:00:00+00:00,2691.3,0.0007431352877791402,0.9876312835261345,0.06779155957835054
2025-01-09 20:00:00+00:00,2693.3,0.001633683585192751,1.0545843485247393,0.13967279450237588
2025-01-10 00:00:00+00:00,2697.7,0.0008896467361085707,1.2018810915216571,0.06684827522879863
2025-01-10 04:00:00+00:00,2700.1,,1.2822247695199858,
