DateTime,Open,High,Low,Close,Volume,Sentiment
2024-06-10 04:00:00+00:00,2312.100098,2314.5,2304.5,2313.699951,19215,0
2024-06-10 08:00:00+00:00,2313.600098,2323.399902,2308.899902,2322.699951,24388,0
2024-06-10 12:00:00+00:00,2322.699951,2326.300049,2317.600098,2324.600098,42662,0
2024-06-10 16:00:00+00:00,2324.699951,2331.300049,2324.199951,2326.399902,27627,1
2024-06-10 20:00:00+00:00,2326.399902,2329.899902,2326,2327,2990,0.970445534
2024-06-11 00:00:00+00:00,2327.100098,2329.100098,2315.699951,2320.600098,21100,0.941764534
2024-06-11 04:00:00+00:00,2320.5,2322.399902,2314.5,2321.399902,14438,0.913931185
2024-06-11 08:00:00+00:00,2321.5,2325.800049,2319.100098,2324.899902,16658,0.886920437
2024-06-11 12:00:00+00:00,2324.899902,2337.300049,2324.699951,2327.199951,62858,0.860707976
2024-06-11 16:00:00+00:00,2327.399902,2332.800049,2322.699951,2332.399902,22994,0.835270211
2024-06-11 20:00:00+00:00,2332.600098,2334.399902,2330.899902,2332.100098,4209,0.810584246
2024-06-12 00:00:00+00:00,2332.199951,2333.300049,2327.199951,2330.699951,10318,0.786627861
2024-06-12 04:00:00+00:00,2330.5,2334.5,2328.199951,2331.199951,11342,0.763379494
2024-06-12 08:00:00+00:00,2331.100098,2332.5,2327.600098,2329.699951,19032,0.740818221
2024-06-12 12:00:00+00:00,2329.5,2358.800049,2328.199951,2352.199951,122504,0.718923733
2024-06-12 16:00:00+00:00,2352.399902,2356.699951,2332.199951,2337.699951,62232,0.697676326
2024-06-12 20:00:00+00:00,2337.800049,2341.5,2335.600098,2336.199951,4260,0.677056874
2024-06-13 00:00:00+00:00,2336.100098,2338.899902,2323.800049,2329.699951,18640,0.65704682
2024-06-13 04:00:00+00:00,2329.699951,2334.199951,2324.399902,2332.5,14020,0.637628152
2024-06-13 08:00:00+00:00,2332.699951,2336,2319.199951,2322.5,21389,0.618783392
2024-06-13 12:00:00+00:00,2322.399902,2342.399902,2313.199951,2314.399902,89511,0.600495579
2024-06-13 16:00:00+00:00,2314.300049,2320.5,2310.899902,2319,29582,0.582748252
2024-06-13 20:00:00+00:00,2319.100098,2320,2317.100098,2317.600098,2098,0.565525439
2024-06-14 00:00:00+00:00,2317.699951,2323.800049,2316.699951,2320.5,10373,0.548811636
2024-06-14 04:00:00+00:00,2320.5,2331.899902,2318.600098,2330.600098,18850,0.532591801
2024-06-14 08:00:00+00:00,2330.5,2352.300049,2329.899902,2347.600098,46084,0.516851334
2024-06-14 12:00:00+00:00,2347.699951,2351.300049,2339.5,2341.699951,52401,0.501576069
2024-06-14 16:00:00+00:00,2341.699951,2351.600098,2341,2348.100098,23858,0.486752256
2024-06-14 20:00:00+00:00,2348.199951,2348.699951,2346.600098,2348.399902,2170,0.472366553
2024-06-16 20:00:00+00:00,2348.5,2348.699951,2342.399902,2343.800049,3426,0
2024-06-17 00:00:00+00:00,2343.600098,2343.899902,2336.199951,2339.300049,14160,0
2024-06-17 04:00:00+00:00,2339.300049,2341.199951,2330.100098,2331.699951,17684,0
2024-06-17 08:00:00+00:00,2331.600098,2337.399902,2331,2332.699951,15323,0
2024-06-17 12:00:00+00:00,2332.800049,2342.600098,2324.300049,2327.100098,47326,0
2024-06-17 16:00:00+00:00,2327.199951,2335.5,2327.199951,2335,19040,0
2024-06-17 20:00:00+00:00,2335,2335.899902,2333.300049,2335.5,2788,0
2024-06-18 00:00:00+00:00,2335.600098,2341.100098,2334,2339.5,9696,0
2024-06-18 04:00:00+00:00,2339.100098,2339.600098,2329.5,2330,12559,0
2024-06-18 08:00:00+00:00,2329.899902,2329.899902,2320.199951,2328,24798,0
2024-06-18 12:00:00+00:00,2327.899902,2344.800049,2326,2341.699951,74944,0
2024-06-18 16:00:00+00:00,2341.899902,2348.199951,2341.199951,2344.100098,24811,0
2024-06-18 20:00:00+00:00,2344.199951,2345.600098,2342.199951,2343,2336,0
2024-06-19 00:00:00+00:00,2343,2346.300049,2341.100098,2342.899902,7009,0
2024-06-20 04:00:00+00:00,2347.399902,2359.199951,2347.399902,2352.100098,24136,0
2024-06-20 08:00:00+00:00,2352.199951,2354.899902,2345.199951,2352.800049,22825,0
2024-06-20 12:00:00+00:00,2353,2379.5,2348.699951,2367.300049,97942,0
2024-06-20 16:00:00+00:00,2367.300049,2374.600098,2366.300049,2372.399902,20406,0.5
2024-06-20 20:00:00+00:00,2372.5,2374.5,2371.5,2374.300049,3970,0.485222767
2024-06-21 00:00:00+00:00,2374.199951,2378.300049,2370.600098,2375.699951,12622,0.470882267
2024-06-21 04:00:00+00:00,2375.800049,2379.300049,2368.600098,2376.699951,19459,0.456965593
2024-06-21 08:00:00+00:00,2376.699951,2382.600098,2374.899902,2380,17821,0.443460218
2024-06-21 12:00:00+00:00,2380.100098,2381.800049,2336.100098,2340.899902,92042,0.430353988
2024-06-21 16:00:00+00:00,2341,2342.300049,2329.199951,2335,38241,0.417635106
2024-06-21 20:00:00+00:00,2335,2335.600098,2333.600098,2334.699951,2429,0.405292123
2024-06-23 20:00:00+00:00,2333.5,2336.100098,2329.5,2331.300049,4279,0.282762719
2024-06-24 00:00:00+00:00,2331.199951,2339.100098,2330.100098,2338.100098,12357,0.274405818
2024-06-24 04:00:00+00:00,2338,2344.399902,2333.600098,2343.199951,15698,0.266295901
2024-06-24 08:00:00+00:00,2343.300049,2345.399902,2332.899902,2338.5,22192,0.258425667
2024-06-24 12:00:00+00:00,2338.5,2346.5,2335.600098,2340.100098,41182,0.250788035
2024-06-24 16:00:00+00:00,2340.199951,2347.5,2339.300049,2344.600098,15793,0.243376128
2024-06-24 20:00:00+00:00,2344.600098,2347.5,2342.600098,2343.300049,2823,0.236183276
2024-06-25 00:00:00+00:00,2343.300049,2343.399902,2335.600098,2336.600098,11943,0.229203006
2024-06-25 04:00:00+00:00,2336.699951,2342.300049,2334.800049,2337,15381,0.222429033
2024-06-25 08:00:00+00:00,2336.699951,2349.699951,2335.100098,2342.699951,24288,0.215855262
2024-06-25 12:00:00+00:00,2342.699951,2343.199951,2327.600098,2337,63839,0.209475775
2024-06-25 16:00:00+00:00,2337,2337.399902,2327.100098,2331.899902,21062,0.20328483
2024-06-25 20:00:00+00:00,2331.800049,2333.199951,2330,2331.600098,3419,0.197276855
2024-06-26 00:00:00+00:00,2331.800049,2335.800049,2322,2328.600098,23153,0.191446443
2024-06-26 04:00:00+00:00,2328.800049,2329.800049,2321.300049,2327.800049,17770,0.185788346
2024-06-26 08:00:00+00:00,2327.699951,2330.100098,2315.699951,2324.800049,31570,0.18029747
2024-06-26 12:00:00+00:00,2324.800049,2329.800049,2304.699951,2311.399902,84301,0.174968875
2024-06-26 16:00:00+00:00,2311.399902,2314.300049,2308.199951,2310.199951,19557,0.169797763
2024-06-26 20:00:00+00:00,2310.199951,2310.699951,2307.199951,2308.899902,3569,0
2024-06-27 00:00:00+00:00,2308.899902,2311,2307.399902,2309.600098,8255,0
2024-06-27 04:00:00+00:00,2309.5,2314.199951,2306.800049,2312.800049,12703,0
2024-06-27 08:00:00+00:00,2312.600098,2328.5,2312.399902,2327.600098,24153,0
2024-06-27 12:00:00+00:00,2327.699951,2342,2326.800049,2338.300049,65325,0
2024-06-27 16:00:00+00:00,2338.199951,2339.100098,2333.300049,2336.800049,21123,0
2024-06-27 20:00:00+00:00,2336.699951,2339.399902,2336.300049,2338.199951,2972,0
2024-06-28 00:00:00+00:00,2338.100098,2338.699951,2329.699951,2332.100098,16669,0
2024-06-28 04:00:00+00:00,2332.5,2339.600098,2330.300049,2337.800049,13095,0
2024-06-28 08:00:00+00:00,2337.899902,2347.600098,2337.100098,2344.399902,18935,0
2024-06-28 12:00:00+00:00,2344.600098,2350.600098,2333.199951,2339,55211,0
2024-06-28 16:00:00+00:00,2339.100098,2343.300049,2333.300049,2335.5,23072,0
2024-06-28 20:00:00+00:00,2335.399902,2337.100098,2333.100098,2336.899902,2246,0
2024-06-30 20:00:00+00:00,2336.199951,2337.399902,2333.100098,2335.100098,2750,0
2024-07-01 00:00:00+00:00,2334.899902,2338.899902,2332.300049,2335.100098,8824,0
2024-07-01 04:00:00+00:00,2334.899902,2338.800049,2328.199951,2333.399902,18429,0
2024-07-01 08:00:00+00:00,2333.399902,2348.5,2331.699951,2348.300049,20679,0
2024-07-01 12:00:00+00:00,2348.300049,2348.800049,2329.100098,2337.899902,61821,0
2024-07-01 16:00:00+00:00,2337.899902,2342.100098,2336.699951,2341,22830,0
2024-07-01 20:00:00+00:00,2341,2342.600098,2340.899902,2341.699951,2534,0
2024-07-02 00:00:00+00:00,2341.600098,2343.800049,2335.199951,2335.699951,11368,0
2024-07-02 04:00:00+00:00,2335.300049,2341,2332.399902,2340.100098,16623,0
2024-07-02 08:00:00+00:00,2340.199951,2341.800049,2328.600098,2329.699951,21828,0
2024-07-02 12:00:00+00:00,2329.800049,2346.100098,2327.399902,2333.600098,68914,0
2024-07-02 16:00:00+00:00,2333.5,2340.399902,2329.699951,2339.800049,23214,0
2024-07-02 20:00:00+00:00,2339.800049,2340.600098,2337.600098,2339.5,3071,0
2024-07-03 00:00:00+00:00,2339.5,2341.699951,2335.699951,2341.100098,10578,0
2024-07-03 12:00:00+00:00,2359.800049,2374.5,2356.899902,2372.5,64636,0
2024-07-03 16:00:00+00:00,2372.5,2372.600098,2364.5,2366,10210,0
2024-07-05 04:00:00+00:00,2370.199951,2375.800049,2369.699951,2373.300049,62877,0
2024-07-05 08:00:00+00:00,2373.399902,2376.300049,2369.699951,2373.600098,19845,0
2024-07-05 12:00:00+00:00,2373.699951,2396.699951,2356,2393,129559,0
2024-07-05 16:00:00+00:00,2392.899902,2401.5,2392.199951,2397.199951,42059,0
2024-07-05 20:00:00+00:00,2397.199951,2400.100098,2396.699951,2399.800049,2830,0
2024-07-07 20:00:00+00:00,2396.199951,2398.399902,2393,2394.199951,4289,0
2024-07-08 00:00:00+00:00,2394.300049,2399.300049,2388.800049,2390.600098,15591,0
2024-07-08 04:00:00+00:00,2391.199951,2394.699951,2384.699951,2385.800049,17295,0
2024-07-08 08:00:00+00:00,2385.800049,2386.800049,2376.100098,2383.199951,29105,0
2024-07-08 12:00:00+00:00,2383.100098,2387.399902,2358.300049,2362.899902,103621,0
2024-07-08 16:00:00+00:00,2362.800049,2367.399902,2358.300049,2366.800049,45339,0
2024-07-08 20:00:00+00:00,2366.800049,2369.300049,2365.399902,2368.800049,2805,0
2024-07-09 00:00:00+00:00,2369,2374.800049,2367.399902,2374.399902,15472,0
2024-07-09 04:00:00+00:00,2374.5,2375.5,2365.100098,2365.899902,15943,0
2024-07-09 08:00:00+00:00,2365.899902,2372.600098,2364.199951,2367.699951,21575,0
2024-07-09 12:00:00+00:00,2367.600098,2378.300049,2356,2369,126992,0
2024-07-09 16:00:00+00:00,2369,2372.399902,2363.100098,2370.399902,43533,0
2024-07-09 20:00:00+00:00,2370.5,2372.699951,2370,2371.5,4282,0
2024-07-10 00:00:00+00:00,2371.5,2376.800049,2369.699951,2374.5,12151,0
2024-07-10 04:00:00+00:00,2374.5,2381.5,2372.899902,2379.199951,12245,0
2024-07-10 08:00:00+00:00,2379.100098,2385,2377.800049,2384.899902,19407,0
2024-07-10 12:00:00+00:00,2385,2393.399902,2380.399902,2385.399902,63217,-1
2024-07-10 16:00:00+00:00,2385.5,2387.899902,2376.300049,2378.399902,34251,0
2024-07-10 20:00:00+00:00,2378.5,2379,2376.800049,2378.399902,2779,0
2024-07-11 00:00:00+00:00,2378.5,2385.399902,2377.100098,2383.800049,10841,0
2024-07-11 04:00:00+00:00,2383.899902,2388.399902,2383.600098,2385.100098,13812,0
2024-07-11 08:00:00+00:00,2385,2390,2384.300049,2386.199951,28260,0
2024-07-11 12:00:00+00:00,2386,2430.399902,2383.100098,2423,169590,0
2024-07-11 16:00:00+00:00,2423,2425.100098,2416.800049,2419.800049,48004,0
2024-07-11 20:00:00+00:00,2419.800049,2421.699951,2416.399902,2421.399902,7706,0
2024-07-12 00:00:00+00:00,2421.300049,2421.800049,2412.100098,2414.199951,14327,0
2024-07-12 04:00:00+00:00,2414.100098,2415.399902,2405.5,2409.399902,16971,0
2024-07-12 08:00:00+00:00,2409.300049,2413.600098,2403.199951,2406.800049,19426,0
2024-07-12 12:00:00+00:00,2406.800049,2418.899902,2396.100098,2416.899902,89267,0
2024-07-12 16:00:00+00:00,2416.899902,2423.199951,2416.899902,2417.699951,47877,0
2024-07-12 20:00:00+00:00,2417.600098,2417.699951,2415.600098,2416,2607,0
2024-07-14 20:00:00+00:00,2419.300049,2420,2410.100098,2413.199951,5241,0
2024-07-15 00:00:00+00:00,2413.199951,2416.800049,2409.600098,2416.399902,9678,0
2024-07-15 04:00:00+00:00,2416.5,2418.699951,2406.100098,2412.600098,16250,0
2024-07-15 08:00:00+00:00,2412.600098,2425.399902,2411.5,2423,30618,0
2024-07-15 12:00:00+00:00,2423.199951,2442.399902,2416.300049,2438.199951,80756,0
2024-07-15 16:00:00+00:00,2438.199951,2445,2424.5,2426,44836,0
2024-07-15 20:00:00+00:00,2426.100098,2427.5,2425.5,2427.100098,2685,0
2024-07-16 00:00:00+00:00,2427.100098,2436.300049,2424.5,2433.600098,16123,0
2024-07-16 04:00:00+00:00,2433.399902,2443.899902,2429.899902,2441.600098,24603,0
2024-07-16 08:00:00+00:00,2441.5,2448.199951,2438.199951,2444.300049,31957,0
2024-07-16 12:00:00+00:00,2444.100098,2470.199951,2433.800049,2468.100098,124487,0
2024-07-16 16:00:00+00:00,2468.199951,2473.600098,2462.699951,2473.5,35915,0
2024-07-16 20:00:00+00:00,2473.399902,2474.800049,2470.800049,2473,5212,1
2024-07-17 00:00:00+00:00,2467.800049,2487.399902,2467.800049,2476.600098,36239,0.970445534
2024-07-17 04:00:00+00:00,2476.699951,2479.199951,2466.600098,2479.100098,25995,0.941764534
2024-07-17 08:00:00+00:00,2479.100098,2483.399902,2470.800049,2474.600098,29392,0.913931185
2024-07-17 12:00:00+00:00,2474.600098,2488.399902,2462.100098,2468,114240,-1
2024-07-17 16:00:00+00:00,2468.100098,2469.699951,2455.5,2462.300049,40164,-0.970445534
2024-07-17 20:00:00+00:00,2462.399902,2465.5,2461.399902,2465,3555,-0.941764534
2024-07-18 00:00:00+00:00,2465,2472.399902,2461.100098,2471.699951,15490,-0.913931185
2024-07-18 04:00:00+00:00,2471.699951,2478.5,2467.800049,2475.300049,23140,-0.886920437
2024-07-18 08:00:00+00:00,2475.5,2477.100098,2464.699951,2467.699951,23651,-0.860707976
2024-07-18 12:00:00+00:00,2467.899902,2473.199951,2460.199951,2464.399902,70082,-0.835270211
2024-07-18 16:00:00+00:00,2464.5,2465.300049,2442.899902,2445.600098,48663,-0.810584246
2024-07-18 20:00:00+00:00,2445.699951,2456.399902,2443.600098,2443.699951,5802,-0.786627861
2024-07-19 00:00:00+00:00,2443.800049,2443.800049,2423.199951,2431.699951,33384,-0.763379494
2024-07-19 04:00:00+00:00,2431.100098,2431.800049,2415.300049,2420.399902,34985,-0.740818221
2024-07-19 08:00:00+00:00,2420.5,2423.899902,2410.600098,2412.100098,31047,-0.718923733
2024-07-19 12:00:00+00:00,2412.199951,2412.300049,2395.699951,2407.300049,100804,-0.697676326
2024-07-19 16:00:00+00:00,2407.300049,2407.899902,2397.300049,2400.699951,31505,-0.677056874
2024-07-19 20:00:00+00:00,2400.699951,2403.300049,2399.100098,2402.800049,3075,-0.65704682
2024-07-21 20:00:00+00:00,2403.699951,2413.699951,2402.5,2413.300049,6593,-0.458406011
2024-07-22 00:00:00+00:00,2413.399902,2414.399902,2405.100098,2408.600098,14943,-0.444858066
2024-07-22 04:00:00+00:00,2408.399902,2408.800049,2400.600098,2404,22015,-0.431710523
2024-07-22 08:00:00+00:00,2404.100098,2410,2399.399902,2399.600098,26941,-0.418951549
2024-07-22 12:00:00+00:00,2399.600098,2401.800049,2385.199951,2387.600098,83958,-0.40656966
2024-07-22 16:00:00+00:00,2387.699951,2401.699951,2387.5,2400.600098,37076,-0.39455371
2024-07-22 20:00:00+00:00,2400.5,2401,2395.899902,2396.699951,3588,-0.382892886
2024-07-23 00:00:00+00:00,2396.699951,2405.300049,2396.399902,2399.199951,15453,-0.371576691
2024-07-23 04:00:00+00:00,2399.300049,2400.600098,2389.199951,2398.699951,23915,-0.36059494
2024-07-23 08:00:00+00:00,2398.899902,2413.5,2397.199951,2408.899902,34021,-0.349937749
2024-07-23 12:00:00+00:00,2409,2410.699951,2400.5,2406.5,68154,-0.339595526
2024-07-23 16:00:00+00:00,2406.699951,2410.199951,2403.699951,2408.5,21660,-0.329558961
2024-07-23 20:00:00+00:00,2408.5,2411,2406.5,2409.300049,3101,-0.319819022
2024-07-24 00:00:00+00:00,2409.399902,2419.600098,2405.699951,2417.600098,20338,-0.310366941
2024-07-24 04:00:00+00:00,2417.600098,2420.300049,2412.600098,2415.600098,18352,-0.301194212
2024-07-24 08:00:00+00:00,2415.600098,2418.899902,2410.600098,2418.5,33299,-0.292292578
2024-07-24 12:00:00+00:00,2418.5,2433,2414.399902,2425.600098,104161,-0.283654026
2024-07-24 16:00:00+00:00,2425.600098,2425.699951,2398.699951,2399,56487,1
2024-07-24 20:00:00+00:00,2399.100098,2400.899902,2392.800049,2398.100098,8623,0.970445534
2024-07-25 00:00:00+00:00,2398.300049,2399.600098,2365.699951,2373.800049,46416,0.941764534
2024-07-25 04:00:00+00:00,2373.5,2378.100098,2365.100098,2373.600098,37294,0.913931185
2024-07-25 08:00:00+00:00,2373.600098,2382.199951,2367.300049,2367.800049,41090,0.886920437
2024-07-25 12:00:00+00:00,2367.699951,2377,2357.199951,2362.5,91816,0.860707976
2024-07-25 16:00:00+00:00,2362.399902,2364.699951,2351.899902,2361.699951,52487,0.835270211
2024-07-25 20:00:00+00:00,2361.699951,2364.600098,2358.600098,2362.800049,6421,0.810584246
2024-07-26 00:00:00+00:00,2362.800049,2378,2354.600098,2370.300049,20618,0.786627861
2024-07-26 04:00:00+00:00,2370.5,2373.800049,2363.600098,2370,18044,0.763379494
2024-07-26 08:00:00+00:00,2370.199951,2374.5,2367.899902,2371.899902,19126,0.740818221
2024-07-26 12:00:00+00:00,2371.800049,2389.699951,2369.699951,2384.199951,63465,0.718923733
2024-07-26 16:00:00+00:00,2384.199951,2389.5,2380.100098,2385.399902,23894,0.697676326
2024-07-26 20:00:00+00:00,2385.5,2387.899902,2384.600098,2385.699951,1994,0.25
2024-07-28 20:00:00+00:00,2386.899902,2402.100098,2386,2396,6050,0.174419082
2024-07-29 00:00:00+00:00,2396.399902,2401.300049,2387.600098,2393.199951,11976,0.169264219
2024-07-29 04:00:00+00:00,2393.199951,2394.699951,2387.100098,2390.199951,13198,0.164261705
2024-07-29 08:00:00+00:00,2390.100098,2393.600098,2385.399902,2386.399902,20326,0.159407038
2024-07-29 12:00:00+00:00,2386.300049,2394.5,2367.300049,2374.600098,45366,0.154695848
2024-07-29 16:00:00+00:00,2374.699951,2382.800049,2372.199951,2380.100098,24066,0.150123895
2024-07-29 20:00:00+00:00,2380.199951,2381.699951,2378.199951,2378.199951,3026,0.145687063
2024-07-30 00:00:00+00:00,2378.199951,2381.699951,2373.800049,2381.699951,1205,0.14138136
2024-07-30 04:00:00+00:00,2382.699951,2436.600098,2382.5,2435.199951,28445,0.137202909
2024-07-30 08:00:00+00:00,2387.399902,2437.5,2383.5,2431.899902,17812,0.13314795
2024-07-30 12:00:00+00:00,2432.100098,2442.899902,2380.100098,2430.100098,57225,0.129212834
2024-07-30 16:00:00+00:00,2430.199951,2457.5,2382.300049,2452.199951,52325,0.125394017
2024-07-30 20:00:00+00:00,2452.199951,2458.300049,2405.199951,2455,6885,0.121688064
2024-07-31 00:00:00+00:00,2455.199951,2464.300049,2402.800049,2461.800049,21940,0.118091638
2024-07-31 04:00:00+00:00,2461.600098,2470.399902,2413,2462.300049,20977,0.114601503
2024-07-31 08:00:00+00:00,2462.100098,2468.100098,2413.699951,2464.300049,20823,0.111214517
2024-07-31 12:00:00+00:00,2464.5,2474.199951,2416.899902,2468,45599,0.107927631
2024-07-31 16:00:00+00:00,2468.100098,2496.600098,2420.600098,2495.300049,54359,0
2024-07-31 20:00:00+00:00,2495.399902,2496.600098,2446.100098,2490.5,6097,0
2024-08-01 00:00:00+00:00,2490.600098,2502.800049,2452.600098,2487.100098,27974,0
2024-08-01 04:00:00+00:00,2487,2492.899902,2442,2484.399902,19613,0
2024-08-01 08:00:00+00:00,2484.399902,2487.399902,2430.399902,2485,31782,0
2024-08-01 12:00:00+00:00,2485.100098,2506.600098,2442.899902,2489.399902,90503,-1
2024-08-01 16:00:00+00:00,2489.300049,2492.800049,2434.800049,2487.399902,37329,0.5
2024-08-01 20:00:00+00:00,2487.300049,2492,2441.800049,2489.899902,3810,1
2024-08-02 00:00:00+00:00,2490,2503.800049,2436.800049,2498.699951,29504,0.970445534
2024-08-02 04:00:00+00:00,2498.800049,2513.399902,2458.5,2505.800049,24868,0.941764534
2024-08-02 08:00:00+00:00,2505.699951,2509.899902,2458.699951,2503.5,22028,0.913931185
2024-08-02 12:00:00+00:00,2503.300049,2522.5,2416,2476.100098,168886,0.886920437
2024-08-02 16:00:00+00:00,2475.699951,2482.399902,2425.399902,2480,42658,0.860707976
2024-08-02 20:00:00+00:00,2480,2486.600098,2440.199951,2486.100098,3854,1
2024-08-04 20:00:00+00:00,2490.300049,2490.399902,2442,2483.100098,7826,0.697676326
2024-08-05 00:00:00+00:00,2483.199951,2494.5,2418.899902,2493.600098,42296,0.677056874
2024-08-05 04:00:00+00:00,2493,2500.800049,2426,2473.199951,54858,0.65704682
2024-08-05 08:00:00+00:00,2473.300049,2475.800049,2400,2426.800049,72831,0.637628152
2024-08-05 12:00:00+00:00,2426.899902,2452.800049,2367.399902,2443.300049,118588,0.618783392
2024-08-05 16:00:00+00:00,2443.300049,2454.699951,2406.399902,2449,29414,0.600495579
2024-08-05 20:00:00+00:00,2449.300049,2453.800049,2445.399902,2445.899902,4189,0.582748252
2024-08-06 00:00:00+00:00,2446,2459.5,2414.5,2449.399902,18467,0
2024-08-06 04:00:00+00:00,2449.5,2453.399902,2399.600098,2450.5,29142,0
2024-08-06 08:00:00+00:00,2450.600098,2457.100098,2412.899902,2451.699951,21538,0
2024-08-06 12:00:00+00:00,2451.699951,2452.899902,2380,2428.399902,78692,0
2024-08-06 16:00:00+00:00,2428.5,2437.100098,2385.300049,2428.800049,25890,0
2024-08-06 20:00:00+00:00,2429,2433.100098,2387.399902,2424.300049,4955,0
2024-08-07 00:00:00+00:00,2424.199951,2428.600098,2418.800049,2425.399902,23186,0
2024-08-07 04:00:00+00:00,2426,2437.600098,2386.5,2429.300049,21573,0
2024-08-07 08:00:00+00:00,2429.199951,2442.699951,2391,2441.399902,22421,0
2024-08-07 12:00:00+00:00,2441.399902,2447.300049,2397.100098,2434.800049,50915,0
2024-08-07 16:00:00+00:00,2434.699951,2440.100098,2384.5,2425.600098,32382,0
2024-08-07 20:00:00+00:00,2425.699951,2427.399902,2420.199951,2423.800049,5743,0
2024-08-08 00:00:00+00:00,2423.899902,2433.800049,2384.300049,2433,15510,0
2024-08-08 04:00:00+00:00,2433.300049,2439.699951,2431.199951,2435.600098,16442,0
2024-08-08 08:00:00+00:00,2435.5,2453.100098,2397.699951,2451.699951,28382,0
2024-08-08 12:00:00+00:00,2451.699951,2464,2403.5,2458.100098,77663,0
2024-08-08 16:00:00+00:00,2458,2465.800049,2419.5,2463.100098,29689,0
2024-08-08 20:00:00+00:00,2463.199951,2467.899902,2462.199951,2463.800049,3917,0
2024-08-09 00:00:00+00:00,2464.100098,2468.699951,2422.300049,2460.800049,12951,0
2024-08-09 04:00:00+00:00,2460.5,2466.199951,2418.5,2462.300049,15310,0
2024-08-09 08:00:00+00:00,2462.399902,2472.199951,2420.899902,2465.899902,23613,0
2024-08-09 12:00:00+00:00,2465.899902,2475.5,2420.100098,2470.600098,66919,0
2024-08-09 16:00:00+00:00,2470.800049,2476.5,2425.899902,2468.600098,24284,0
2024-08-09 20:00:00+00:00,2468.600098,2470.699951,2429.199951,2470.600098,1992,0
2024-08-11 20:00:00+00:00,2470.100098,2472.300049,2466,2466.800049,3758,0
2024-08-12 00:00:00+00:00,2466.800049,2469.199951,2462.699951,2467.699951,9215,0
2024-08-12 04:00:00+00:00,2467.600098,2482.399902,2432,2480.899902,17493,0
2024-08-12 08:00:00+00:00,2481.100098,2484.300049,2437.699951,2480.699951,28236,0
2024-08-12 12:00:00+00:00,2480.699951,2500.300049,2440.800049,2499.300049,66278,0
2024-08-12 16:00:00+00:00,2499.300049,2512.399902,2461,2510.600098,37403,1
2024-08-12 20:00:00+00:00,2510.699951,2516.600098,2469.600098,2515.600098,5087,0.970445534
2024-08-13 00:00:00+00:00,2515.600098,2517.300049,2461,2503.5,19600,0.941764534
2024-08-13 04:00:00+00:00,2503.899902,2505.899902,2458.600098,2503.800049,18246,0.913931185
2024-08-13 08:00:00+00:00,2503.899902,2506.399902,2456.5,2505.300049,21197,0
2024-08-13 12:00:00+00:00,2505.300049,2515.600098,2463.199951,2508.300049,58470,1
2024-08-13 16:00:00+00:00,2508.300049,2510.800049,2466.800049,2506.899902,21210,0.970445534
2024-08-13 20:00:00+00:00,2506.800049,2507.5,2465.300049,2503.600098,3760,0.941764534
2024-08-14 00:00:00+00:00,2503.699951,2512.199951,2494.5,2500.100098,18089,0.913931185
2024-08-14 04:00:00+00:00,2500,2510.800049,2468,2509.699951,14566,0.886920437
2024-08-14 08:00:00+00:00,2509.800049,2517.899902,2507.699951,2513.800049,22197,0.860707976
2024-08-14 12:00:00+00:00,2513.800049,2519.699951,2445.199951,2482.600098,91461,0.835270211
2024-08-14 16:00:00+00:00,2482.5,2486.800049,2445.600098,2485.5,29075,0
2024-08-14 20:00:00+00:00,2485.600098,2486.899902,2444.699951,2486.800049,3918,0
2024-08-15 00:00:00+00:00,2486.899902,2491.899902,2485.399902,2491.100098,15398,0
2024-08-15 04:00:00+00:00,2491.300049,2496.399902,2451.800049,2493.300049,16237,0
2024-08-15 08:00:00+00:00,2493.399902,2501.899902,2454,2501.100098,16659,0
2024-08-15 12:00:00+00:00,2501.300049,2508,2431.199951,2496.100098,88804,0
2024-08-15 16:00:00+00:00,2496.100098,2499.399902,2453.899902,2493.5,20912,0
2024-08-15 20:00:00+00:00,2493.399902,2495.699951,2453.5,2494.699951,4424,0
2024-08-16 00:00:00+00:00,2494.800049,2497.699951,2488.199951,2490,11371,0
2024-08-16 04:00:00+00:00,2489.899902,2501.899902,2451.399902,2499.300049,19483,0
2024-08-16 08:00:00+00:00,2499.600098,2510.300049,2462.199951,2510,25681,0
2024-08-16 12:00:00+00:00,2510,2538.699951,2481.199951,2530.300049,112584,0
2024-08-16 16:00:00+00:00,2530.5,2547.399902,2498.300049,2546.5,38496,0
2024-08-16 20:00:00+00:00,2546.5,2548.300049,2508,2546.100098,3416,1
2024-08-18 20:00:00+00:00,2549.699951,2549.899902,2502.800049,2545.100098,5952,0.697676326
2024-08-19 00:00:00+00:00,2545.199951,2545.600098,2497.699951,2541.899902,25529,0.677056874
2024-08-19 04:00:00+00:00,2541.899902,2543.600098,2499.800049,2541.199951,17880,0.65704682
2024-08-19 08:00:00+00:00,2541.199951,2545.800049,2487.199951,2532.800049,26094,0.637628152
2024-08-19 12:00:00+00:00,2532.899902,2544.399902,2492.199951,2542.399902,47213,0.618783392
2024-08-19 16:00:00+00:00,2542.600098,2545.800049,2502.300049,2543.899902,24366,1
2024-08-19 20:00:00+00:00,2543.899902,2544.199951,2503.5,2541.800049,3084,0.970445534
2024-08-20 00:00:00+00:00,2541.899902,2546.399902,2536.5,2539.399902,14408,0.941764534
2024-08-20 04:00:00+00:00,2539.5,2553.699951,2500.699951,2553.199951,21422,0.913931185
2024-08-20 08:00:00+00:00,2553.399902,2565.5,2552.800049,2564.800049,33495,0.886920437
2024-08-20 12:00:00+00:00,2565,2570.399902,2509.300049,2546.399902,79227,0.860707976
2024-08-20 16:00:00+00:00,2546.600098,2553.800049,2508,2553.199951,31043,1
2024-08-20 20:00:00+00:00,2553.100098,2555.300049,2550.699951,2551.100098,2813,0
2024-08-21 00:00:00+00:00,2551.100098,2558,2548.800049,2555.100098,14327,0
2024-08-21 04:00:00+00:00,2555.300049,2557.5,2545.699951,2547.300049,17543,0
2024-08-21 08:00:00+00:00,2547.199951,2552,2511,2549.899902,21028,0
2024-08-21 12:00:00+00:00,2550,2552,2503.899902,2546.300049,60668,0
2024-08-21 16:00:00+00:00,2546.199951,2557.300049,2508.199951,2549.5,27388,1
2024-08-21 20:00:00+00:00,2549.600098,2551.300049,2547.699951,2549.699951,2515,0.970445534
2024-08-22 00:00:00+00:00,2549.899902,2551.399902,2536.399902,2539.199951,14898,0.941764534
2024-08-22 04:00:00+00:00,2539.199951,2547.199951,2504.100098,2543.300049,21079,0.913931185
2024-08-22 08:00:00+00:00,2543.300049,2545.300049,2533.699951,2535.600098,21994,0.886920437
2024-08-22 12:00:00+00:00,2535.699951,2541.899902,2471.100098,2517.899902,85486,0.860707976
2024-08-22 16:00:00+00:00,2518,2522.100098,2479.800049,2518.399902,23344,0.835270211
2024-08-22 20:00:00+00:00,2518.600098,2523,2518,2522.899902,3357,0.810584246
2024-08-23 00:00:00+00:00,2522.899902,2529.199951,2486.5,2528.5,14659,0.786627861
2024-08-23 04:00:00+00:00,2528.600098,2531.300049,2526,2528.899902,15485,0.763379494
2024-08-23 08:00:00+00:00,2528.800049,2538,2528.399902,2537.100098,20879,0.740818221
2024-08-23 12:00:00+00:00,2537,2554.5,2492.899902,2545.699951,78119,0.718923733
2024-08-23 16:00:00+00:00,2546,2549,2506.800049,2546.600098,26933,0.697676326
2024-08-23 20:00:00+00:00,2546.399902,2548.699951,2545.300049,2548.699951,2906,1
2024-08-25 20:00:00+00:00,2545.100098,2552.100098,2509.899902,2551.300049,4115,0.697676326
2024-08-26 00:00:00+00:00,2551.199951,2552.300049,2509.100098,2545.199951,11816,0.677056874
2024-08-26 04:00:00+00:00,2545.100098,2557.300049,2516.899902,2556.899902,18576,0.65704682
2024-08-26 08:00:00+00:00,2557,2562.5,2519.800049,2562.100098,22043,0.637628152
2024-08-26 12:00:00+00:00,2562.199951,2563.199951,2509.699951,2551.699951,45999,1
2024-08-26 16:00:00+00:00,2551.699951,2559.399902,2549.300049,2553.699951,20915,0.970445534
2024-08-26 20:00:00+00:00,2553.899902,2554.800049,2550.5,2550.699951,1954,0.941764534
2024-08-27 00:00:00+00:00,2550.800049,2552,2540.899902,2544.100098,14250,0.913931185
2024-08-27 04:00:00+00:00,2544.300049,2552.699951,2515.199951,2540,22169,0.886920437
2024-08-27 08:00:00+00:00,2539.899902,2549,2538.5,2546.600098,20857,0.860707976
2024-08-27 12:00:00+00:00,2546.5,2556.699951,2506.899902,2547.5,50323,0.835270211
2024-08-27 16:00:00+00:00,2547.300049,2561.399902,2511.100098,2560.399902,30599,0
2024-08-27 20:00:00+00:00,2560.399902,2564.300049,2522.800049,2560.5,6604,0
2024-08-28 00:00:00+00:00,2560.699951,2561.100098,2548.5,2551,15193,0
2024-08-28 04:00:00+00:00,2550.899902,2552.899902,2537.899902,2544.800049,26921,0
2024-08-28 08:00:00+00:00,2544.800049,2546,2535.199951,2536,23022,0
2024-08-28 12:00:00+00:00,2536.199951,2545.5,2527.800049,2540.800049,59820,-1
2024-08-28 16:00:00+00:00,2540.800049,2544,2530.800049,2542,26484,-0.970445534
2024-08-28 20:00:00+00:00,2542.100098,2543.100098,2537.300049,2541.300049,3977,-0.941764534
2024-08-29 00:00:00+00:00,2541.300049,2549.899902,2541.199951,2549.899902,10428,-0.913931185
2024-08-29 04:00:00+00:00,2549.699951,2554.5,2546.899902,2552.199951,18405,-0.886920437
2024-08-29 08:00:00+00:00,2552.300049,2557.800049,2548.199951,2553.300049,24981,-0.860707976
2024-08-29 12:00:00+00:00,2553.199951,2559.100098,2536.5,2556.100098,65190,-0.835270211
2024-08-29 16:00:00+00:00,2556.100098,2562.199951,2550.600098,2554.399902,29900,-0.810584246
2024-08-29 20:00:00+00:00,2554.5,2555.600098,2551.899902,2552.600098,2906,-0.786627861
2024-08-30 00:00:00+00:00,2552.600098,2553.600098,2545.800049,2547.100098,13687,-0.763379494
2024-08-30 04:00:00+00:00,2546.899902,2557.600098,2545.699951,2552.5,24016,-0.740818221
2024-08-30 08:00:00+00:00,2552.5,2560.100098,2548.100098,2552.699951,23613,-0.718923733
2024-08-30 12:00:00+00:00,2552.600098,2558.100098,2533,2535.300049,63009,1
2024-08-30 16:00:00+00:00,2535.199951,2538.800049,2526.600098,2534.699951,38767,0.970445534
2024-08-30 20:00:00+00:00,2534.800049,2536.100098,2534.399902,2536,2317,0
2024-09-01 20:00:00+00:00,2536,2536.800049,2531.600098,2535.100098,3349,0
2024-09-02 00:00:00+00:00,2535.100098,2537.199951,2522.100098,2528.399902,13782,0
2024-09-03 04:00:00+00:00,2526.399902,2533.699951,2524.399902,2532.899902,18699,0
2024-09-03 08:00:00+00:00,2533,2538.5,2516.300049,2521.5,40452,0
2024-09-03 12:00:00+00:00,2521.199951,2534.199951,2504.399902,2520,99747,0
2024-09-03 16:00:00+00:00,2520.100098,2526,2515.300049,2523.600098,19474,1
2024-09-03 20:00:00+00:00,2523.5,2526.199951,2522.899902,2524.699951,2521,-1
2024-09-04 00:00:00+00:00,2524.699951,2528.399902,2522.399902,2526.600098,9728,-0.970445534
2024-09-04 04:00:00+00:00,2526.399902,2528,2512.800049,2513.199951,17141,-0.941764534
2024-09-04 08:00:00+00:00,2513.100098,2522.300049,2502.699951,2520.199951,37793,-0.913931185
2024-09-04 12:00:00+00:00,2520.199951,2531.5,2512.800049,2525.199951,69864,-0.886920437
2024-09-04 16:00:00+00:00,2525.100098,2529.300049,2522.5,2524.300049,20934,-0.860707976
2024-09-04 20:00:00+00:00,2524.199951,2528,2523.800049,2526,3393,-0.835270211
2024-09-05 00:00:00+00:00,2526,2529.600098,2524.5,2524.800049,7799,-0.810584246
2024-09-05 04:00:00+00:00,2524.699951,2537.399902,2523.699951,2536.5,19079,-0.786627861
2024-09-05 08:00:00+00:00,2536.5,2548.699951,2536.100098,2545.399902,28886,-0.763379494
2024-09-05 12:00:00+00:00,2545.5,2554,2533.699951,2537.399902,69619,1
2024-09-05 16:00:00+00:00,2537.399902,2547.399902,2536.300049,2545.199951,17004,-1
2024-09-05 20:00:00+00:00,2545.300049,2547.899902,2545.100098,2547.199951,2904,-0.970445534
2024-09-06 00:00:00+00:00,2547.300049,2548.199951,2542.800049,2547.699951,7019,-0.941764534
2024-09-06 04:00:00+00:00,2547.899902,2551.899902,2546.399902,2546.5,13801,-0.913931185
2024-09-06 08:00:00+00:00,2546.5,2550.300049,2544.600098,2546.199951,13051,-0.886920437
2024-09-06 12:00:00+00:00,2546.100098,2559.800049,2529.899902,2534.899902,125293,-0.860707976
2024-09-06 16:00:00+00:00,2534.800049,2535.399902,2513.899902,2525.399902,56037,-0.835270211
2024-09-06 20:00:00+00:00,2525.199951,2527.300049,2524.199951,2526.800049,2026,-0.810584246
2024-09-08 20:00:00+00:00,2526.5,2527.5,2524.600098,2526,4649,-0.565525439
2024-09-09 00:00:00+00:00,2526.100098,2529.5,2523.699951,2528.199951,11324,-0.548811636
2024-09-09 04:00:00+00:00,2528.100098,2528.5,2514.199951,2523.5,25671,-0.532591801
2024-09-09 08:00:00+00:00,2523.5,2528.300049,2519.199951,2526.399902,23139,-0.516851334
2024-09-09 12:00:00+00:00,2526.5,2534.699951,2522.199951,2528.300049,45380,-0.501576069
2024-09-09 16:00:00+00:00,2528.399902,2535.800049,2528.399902,2535.100098,24353,-0.486752256
2024-09-09 20:00:00+00:00,2535.100098,2536.5,2534.399902,2535.600098,3680,-0.472366553
2024-09-10 00:00:00+00:00,2535.699951,2536.300049,2530.399902,2531.300049,7729,-0.458406011
2024-09-10 04:00:00+00:00,2531.399902,2536.199951,2529.600098,2531.800049,14129,-0.444858066
2024-09-10 08:00:00+00:00,2531.699951,2538.699951,2528.899902,2533.5,30489,-0.431710523
2024-09-10 12:00:00+00:00,2533.5,2547.5,2529.699951,2541.600098,62469,-0.418951549
2024-09-10 16:00:00+00:00,2541.699951,2546.600098,2539.600098,2546.399902,31868,-0.40656966
2024-09-10 20:00:00+00:00,2546.300049,2547.800049,2544.899902,2547.600098,2964,-0.39455371
2024-09-11 00:00:00+00:00,2547.5,2552,2543.600098,2548.199951,13729,-0.382892886
2024-09-11 04:00:00+00:00,2548.300049,2558,2547.300049,2550.600098,24518,-0.371576691
2024-09-11 08:00:00+00:00,2550.600098,2556.199951,2548.800049,2551,23103,-0.36059494
2024-09-11 12:00:00+00:00,2551,2553.5,2529,2543.600098,89781,-0.349937749
2024-09-11 16:00:00+00:00,2543.5,2549,2538.300049,2541.5,33743,-0.339595526
2024-09-11 20:00:00+00:00,2541.600098,2542.399902,2539.5,2539.600098,2629,-0.329558961
2024-09-12 00:00:00+00:00,2539.600098,2543.899902,2538.699951,2543.600098,5959,-0.319819022
2024-09-12 04:00:00+00:00,2543.800049,2550,2542.199951,2543.800049,13408,-0.310366941
2024-09-12 08:00:00+00:00,2543.800049,2549,2540.899902,2547.399902,27415,-0.301194212
2024-09-12 12:00:00+00:00,2547.600098,2583.600098,2546.5,2581.699951,127938,-0.292292578
2024-09-12 16:00:00+00:00,2581.800049,2587.699951,2573.399902,2586.199951,42038,-0.283654026
2024-09-12 20:00:00+00:00,2586.199951,2588.5,2585,2586.800049,5523,-0.275270783
2024-09-13 00:00:00+00:00,2586.800049,2598.300049,2585.100098,2595.800049,18168,1
2024-09-13 04:00:00+00:00,2596.100098,2599.199951,2591.399902,2597.699951,20321,0.970445534
2024-09-13 08:00:00+00:00,2597.800049,2601,2591.399902,2595,23997,1
2024-09-13 12:00:00+00:00,2595.199951,2611.699951,2593.800049,2610.300049,64620,0.970445534
2024-09-13 16:00:00+00:00,2610.399902,2614.600098,2606.800049,2611,29096,1
2024-09-13 20:00:00+00:00,2610.800049,2611.199951,2605.699951,2606.199951,3150,1
2024-09-15 20:00:00+00:00,2608,2608.699951,2605.5,2607,4651,0.697676326
2024-09-16 00:00:00+00:00,2606.899902,2616.600098,2606.800049,2614.199951,9480,0.677056874
2024-09-16 04:00:00+00:00,2614.199951,2617.399902,2607.199951,2609.800049,17396,0.65704682
2024-09-16 08:00:00+00:00,2609.899902,2616.199951,2602.5,2610.5,23916,1
2024-09-16 12:00:00+00:00,2610.600098,2616.800049,2603.699951,2607.399902,46074,0.970445534
2024-09-16 16:00:00+00:00,2607.5,2611.699951,2607.100098,2609.899902,15145,0.941764534
2024-09-16 20:00:00+00:00,2609.899902,2611,2609.199951,2610.800049,2297,0.913931185
2024-09-17 00:00:00+00:00,2610.699951,2612.699951,2604.100098,2604.199951,11649,0.886920437
2024-09-17 04:00:00+00:00,2604.399902,2613.699951,2601.199951,2610.699951,16453,0.860707976
2024-09-17 08:00:00+00:00,2610.699951,2611,2596.899902,2606.899902,33211,0.835270211
2024-09-17 12:00:00+00:00,2607.100098,2609.5,2588.399902,2592.399902,62349,0.810584246
2024-09-17 16:00:00+00:00,2592.5,2598.399902,2587.300049,2595.399902,25800,0.786627861
2024-09-17 20:00:00+00:00,2595.399902,2600.600098,2594.899902,2600.300049,3184,0.763379494
2024-09-18 00:00:00+00:00,2600.199951,2602.899902,2596.399902,2602,12870,0.740818221
2024-09-18 04:00:00+00:00,2602.199951,2602.800049,2591.899902,2597.800049,15377,-1
2024-09-18 08:00:00+00:00,2597.899902,2607.300049,2594.300049,2604,20636,-0.970445534
2024-09-18 12:00:00+00:00,2604.100098,2605.399902,2594.5,2596.5,33909,0.5
2024-09-18 16:00:00+00:00,2596.600098,2627.199951,2572.5,2575,134492,0
2024-09-18 20:00:00+00:00,2574.800049,2586.699951,2574.199951,2584.100098,9223,0
2024-09-19 00:00:00+00:00,2584.199951,2591.600098,2575.300049,2588.899902,21376,0
2024-09-19 04:00:00+00:00,2588.800049,2610,2584,2609.300049,32480,0
2024-09-19 08:00:00+00:00,2610,2620.5,2606.399902,2614.699951,35641,0
2024-09-19 12:00:00+00:00,2614.600098,2616.5,2594.300049,2614.600098,73601,0
2024-09-19 16:00:00+00:00,2614.800049,2618.199951,2610.800049,2613.300049,26268,0.5
2024-09-19 20:00:00+00:00,2613.300049,2614.600098,2610.899902,2611.800049,3535,0.485222767
2024-09-20 00:00:00+00:00,2611.800049,2618.699951,2608.699951,2616.899902,12703,0.470882267
2024-09-20 04:00:00+00:00,2616.5,2635.100098,2616.5,2632.300049,30922,0.456965593
2024-09-20 08:00:00+00:00,2632.300049,2640.699951,2627.399902,2639.100098,29678,0.443460218
2024-09-20 12:00:00+00:00,2639,2648.600098,2627.5,2648.300049,85258,0.430353988
2024-09-20 16:00:00+00:00,2648.300049,2651,2642.899902,2646.100098,34821,0.417635106
2024-09-20 20:00:00+00:00,2646.100098,2647.699951,2644,2647.100098,2659,0.405292123
2024-09-22 20:00:00+00:00,2646.199951,2647.800049,2643.100098,2644.800049,2498,0.282762719
2024-09-23 00:00:00+00:00,2644.600098,2655.899902,2640.699951,2653,17226,0.274405818
2024-09-23 04:00:00+00:00,2653.100098,2656.100098,2638.600098,2640,21509,0.266295901
2024-09-23 08:00:00+00:00,2639.899902,2650.5,2639.5,2649,24387,0.258425667
2024-09-23 12:00:00+00:00,2648.899902,2659.800049,2644.5,2654.100098,66240,0.250788035
2024-09-23 16:00:00+00:00,2654,2655.699951,2650.399902,2651,26642,1
2024-09-23 20:00:00+00:00,2651.100098,2653.800049,2650.5,2651.100098,2368,1
2024-09-24 00:00:00+00:00,2651,2660.899902,2648.5,2659.100098,15247,0
2024-09-24 04:00:00+00:00,2658.800049,2664.600098,2647.100098,2653.600098,32196,0
2024-09-24 08:00:00+00:00,2653.5,2661,2647.899902,2651.100098,29114,0
2024-09-24 12:00:00+00:00,2651.100098,2673.699951,2648,2667.800049,75455,0
2024-09-24 16:00:00+00:00,2667.899902,2689.399902,2667.100098,2687.699951,48064,0
2024-09-24 20:00:00+00:00,2687.699951,2688.800049,2681.300049,2682.899902,7058,1
2024-09-25 00:00:00+00:00,2682.899902,2694.899902,2679.800049,2685.5,22985,0.970445534
2024-09-25 04:00:00+00:00,2685.899902,2686.199951,2674.199951,2681.100098,22321,0.941764534
2024-09-25 08:00:00+00:00,2681.199951,2682.899902,2677,2681.699951,19515,0.913931185
2024-09-25 12:00:00+00:00,2681.600098,2691.899902,2678,2682.100098,67373,0
2024-09-25 16:00:00+00:00,2682.199951,2687.300049,2673.399902,2683.800049,43259,1
2024-09-25 20:00:00+00:00,2683.899902,2684.300049,2679.600098,2679.800049,4845,1
2024-09-26 00:00:00+00:00,2679.899902,2685.699951,2678.5,2685.300049,12602,0.970445534
2024-09-26 04:00:00+00:00,2685.699951,2690,2681.100098,2687.600098,17432,0.941764534
2024-09-26 08:00:00+00:00,2687.699951,2708.699951,2687.600098,2705.899902,41769,0.913931185
2024-09-26 12:00:00+00:00,2706,2707.300049,2677.5,2694.199951,102366,0
2024-09-26 16:00:00+00:00,2694.199951,2700.899902,2685.899902,2696.600098,29262,0
2024-09-26 20:00:00+00:00,2696.600098,2696.899902,2693.699951,2694.899902,2351,0
2024-09-27 00:00:00+00:00,2694.899902,2696.399902,2688.5,2696.100098,11851,0
2024-09-27 04:00:00+00:00,2696.199951,2696.300049,2683.199951,2687.100098,22142,1
2024-09-27 08:00:00+00:00,2687,2691.600098,2680.600098,2688.399902,21580,0.970445534
2024-09-27 12:00:00+00:00,2688.399902,2696.899902,2666.300049,2672,86801,1
2024-09-27 16:00:00+00:00,2672,2678.5,2665.300049,2674.5,37318,0.970445534
2024-09-27 20:00:00+00:00,2674.300049,2682.699951,2673.600098,2680.800049,3759,0.941764534
2024-09-29 20:00:00+00:00,2680.5,2686.800049,2679.300049,2685.300049,5591,0.65704682
2024-09-30 00:00:00+00:00,2685.399902,2687.699951,2668.800049,2675,17020,0.637628152
2024-09-30 04:00:00+00:00,2675,2682.399902,2672.300049,2672.600098,16499,0.618783392
2024-09-30 08:00:00+00:00,2672.600098,2678.399902,2655.800049,2663.199951,30733,0.600495579
2024-09-30 12:00:00+00:00,2663.399902,2666,2650.199951,2655.300049,50073,0.582748252
2024-09-30 16:00:00+00:00,2655.5,2663.399902,2646.199951,2652.800049,34752,0.565525439
2024-09-30 20:00:00+00:00,2652.899902,2657.800049,2652.600098,2657.199951,3339,0.548811636
2024-10-01 00:00:00+00:00,2657.300049,2661.5,2655.399902,2659.300049,7584,0.532591801
2024-10-01 04:00:00+00:00,2659.199951,2668.899902,2658.699951,2667,15977,0.516851334
2024-10-01 08:00:00+00:00,2667.100098,2673.600098,2663.800049,2671.800049,18959,1
2024-10-01 12:00:00+00:00,2671.800049,2694,2669.5,2685.100098,97876,0.970445534
2024-10-01 16:00:00+00:00,2685,2694.699951,2678.899902,2679.899902,50038,0.941764534
2024-10-01 20:00:00+00:00,2679.899902,2685.300049,2679.199951,2681.199951,3472,0.913931185
2024-10-02 00:00:00+00:00,2681.199951,2683.199951,2676,2676.5,9380,0.886920437
2024-10-02 04:00:00+00:00,2676.199951,2677.5,2665.399902,2676.5,18026,0.860707976
2024-10-02 08:00:00+00:00,2676.600098,2676.899902,2669.100098,2670.600098,16724,0.835270211
2024-10-02 12:00:00+00:00,2670.699951,2684.800049,2662.100098,2671.300049,58395,-0.333333333
2024-10-02 16:00:00+00:00,2671.199951,2680.100098,2668.399902,2679.800049,18565,-0.323481845
2024-10-02 20:00:00+00:00,2679.800049,2681.399902,2678.800049,2680.300049,3137,-0.313921511
2024-10-03 00:00:00+00:00,2680.399902,2683.399902,2673.699951,2676.600098,9267,-0.304643728
2024-10-03 04:00:00+00:00,2676.199951,2677.899902,2663.699951,2665.5,14591,-0.295640146
2024-10-03 08:00:00+00:00,2665.399902,2669.300049,2660.800049,2668.300049,19334,-0.286902659
2024-10-03 12:00:00+00:00,2668.300049,2675.899902,2657.800049,2668.899902,61578,-0.278423404
2024-10-03 16:00:00+00:00,2669.199951,2682.399902,2668.699951,2677.899902,25743,-0.270194749
2024-10-03 20:00:00+00:00,2677.899902,2678,2673.899902,2675.399902,2195,-0.262209287
2024-10-04 00:00:00+00:00,2675.5,2683.600098,2675.100098,2680.899902,6993,-0.254459831
2024-10-04 04:00:00+00:00,2680.800049,2687.699951,2678.600098,2681,11786,0
2024-10-04 08:00:00+00:00,2681.100098,2682.600098,2676.600098,2681.399902,12284,-1
2024-10-04 12:00:00+00:00,2681.300049,2690.600098,2651.600098,2673.399902,127647,-0.970445534
2024-10-04 16:00:00+00:00,2673.399902,2673.899902,2661.800049,2671.600098,25756,-0.941764534
2024-10-04 20:00:00+00:00,2671.5,2673.800049,2669.699951,2673.199951,2441,-0.913931185
2024-10-06 20:00:00+00:00,2671.699951,2672.600098,2667.899902,2669.600098,2691,-0.637628152
2024-10-07 00:00:00+00:00,2669.699951,2671.5,2663,2666.300049,9074,-0.618783392
2024-10-07 04:00:00+00:00,2666.800049,2672.5,2659,2671.800049,14840,-0.600495579
2024-10-07 08:00:00+00:00,2671.600098,2679.199951,2670,2676.600098,19637,1
2024-10-07 12:00:00+00:00,2676.600098,2679.100098,2657.300049,2665.199951,59877,0.970445534
2024-10-07 16:00:00+00:00,2665.199951,2668.300049,2658.800049,2662.800049,19048,0.941764534
2024-10-07 20:00:00+00:00,2662.699951,2668.199951,2660.899902,2662.100098,2982,0.913931185
2024-10-08 00:00:00+00:00,2662.100098,2667.300049,2652.699951,2661.800049,23018,0.886920437
2024-10-08 04:00:00+00:00,2662,2665.899902,2649.600098,2652.899902,19641,0.860707976
2024-10-08 08:00:00+00:00,2652.899902,2672.399902,2647.300049,2670,31321,0
2024-10-08 12:00:00+00:00,2670,2672.399902,2623.399902,2632,104678,0
2024-10-08 16:00:00+00:00,2632,2642.899902,2624,2641.899902,39236,0
2024-10-08 20:00:00+00:00,2641.899902,2642.5,2637.899902,2640.699951,4055,0
2024-10-09 00:00:00+00:00,2640.600098,2642.899902,2633.399902,2635.800049,13923,0
2024-10-09 04:00:00+00:00,2635.699951,2642.800049,2627.600098,2630,18228,0
2024-10-09 08:00:00+00:00,2630,2641,2628.899902,2637.5,22775,-1
2024-10-09 12:00:00+00:00,2637.399902,2640.899902,2622.800049,2633.199951,57337,0
2024-10-09 16:00:00+00:00,2633.300049,2634.399902,2623.300049,2627.5,22591,0
2024-10-09 20:00:00+00:00,2627.600098,2627.899902,2624.800049,2625.399902,2482,0
2024-10-10 00:00:00+00:00,2625.600098,2633.800049,2623.100098,2628.899902,14226,0
2024-10-10 04:00:00+00:00,2628.899902,2634.300049,2627.399902,2633.899902,11272,0
2024-10-10 08:00:00+00:00,2633.800049,2635.899902,2628,2630,15344,1
2024-10-10 12:00:00+00:00,2630.100098,2647.199951,2618.800049,2640.699951,101464,0.970445534
2024-10-10 16:00:00+00:00,2640.800049,2648.800049,2633.199951,2646.5,43502,0.941764534
2024-10-10 20:00:00+00:00,2646.600098,2653.199951,2645.300049,2650.600098,7126,0.913931185
2024-10-11 00:00:00+00:00,2650.5,2663.100098,2649.5,2662.5,23509,0.886920437
2024-10-11 04:00:00+00:00,2662.800049,2664.899902,2655.199951,2662.600098,19932,0.860707976
2024-10-11 08:00:00+00:00,2662.399902,2663.300049,2653.199951,2661.699951,19507,-1
2024-10-11 12:00:00+00:00,2661.600098,2676.800049,2657.699951,2676.300049,58436,-0.970445534
2024-10-11 16:00:00+00:00,2676.399902,2679,2672.100098,2672.899902,33570,-0.941764534
2024-10-11 20:00:00+00:00,2673.100098,2674.5,2671.5,2674.199951,1920,-0.913931185
2024-10-13 20:00:00+00:00,2673.100098,2673.800049,2660.899902,2664.699951,5962,-0.637628152
2024-10-14 00:00:00+00:00,2664.800049,2674.399902,2660,2672.600098,16793,-0.618783392
2024-10-14 04:00:00+00:00,2672.5,2684.199951,2672.100098,2677.399902,18554,-0.600495579
2024-10-14 08:00:00+00:00,2677.399902,2680,2668,2669.199951,17976,1
2024-10-14 12:00:00+00:00,2669,2678.300049,2660.600098,2663.5,44847,0.970445534
2024-10-14 16:00:00+00:00,2663.5,2669.5,2662.600098,2669.300049,13736,0.941764534
2024-10-14 20:00:00+00:00,2669.300049,2670.199951,2662.699951,2665.800049,4342,0.913931185
2024-10-15 00:00:00+00:00,2665.800049,2669.300049,2660.800049,2661.800049,12044,0.886920437
2024-10-15 04:00:00+00:00,2662,2670.600098,2654.399902,2667.399902,22548,-1
2024-10-15 08:00:00+00:00,2667.399902,2673.300049,2662.300049,2664.5,19208,-1
2024-10-15 12:00:00+00:00,2664.5,2682,2662.800049,2681.300049,68694,-0.970445534
2024-10-15 16:00:00+00:00,2681.399902,2685.899902,2675.600098,2678.300049,27939,-0.941764534
2024-10-15 20:00:00+00:00,2678.399902,2679.899902,2676.699951,2676.800049,2823,-0.913931185
2024-10-16 00:00:00+00:00,2676.699951,2686.399902,2674.899902,2683.399902,12736,-0.886920437
2024-10-16 04:00:00+00:00,2683.600098,2694.199951,2682,2692.5,20985,-0.860707976
2024-10-16 08:00:00+00:00,2692.600098,2699.399902,2689.699951,2694.800049,26169,-1
2024-10-16 12:00:00+00:00,2694.699951,2702.5,2684,2686.300049,70705,-0.970445534
2024-10-16 16:00:00+00:00,2686.300049,2693.199951,2683.100098,2691,17925,-0.941764534
2024-10-16 20:00:00+00:00,2691.199951,2691.399902,2688.800049,2689.699951,1599,-0.913931185
2024-10-17 00:00:00+00:00,2689.800049,2700.600098,2689.699951,2692.5,17524,-0.886920437
2024-10-17 04:00:00+00:00,2692.300049,2701.399902,2691.899902,2697.199951,22388,-0.860707976
2024-10-17 08:00:00+00:00,2697.199951,2704.199951,2692,2696.899902,24876,1
2024-10-17 12:00:00+00:00,2697,2712.699951,2688.199951,2709,83493,0.970445534
2024-10-17 16:00:00+00:00,2708.899902,2709.699951,2699.5,2707.199951,23814,1
2024-10-17 20:00:00+00:00,2707.300049,2709.5,2706.199951,2708.899902,2300,1
2024-10-18 00:00:00+00:00,2708.899902,2727.199951,2708.100098,2725.199951,25545,0.970445534
2024-10-18 04:00:00+00:00,2725.100098,2729.300049,2717.600098,2717.600098,23159,0.941764534
2024-10-18 08:00:00+00:00,2717.699951,2728.5,2716.899902,2725.100098,25745,1
2024-10-18 12:00:00+00:00,2725.199951,2735.5,2720.199951,2730,66608,0.970445534
2024-10-18 16:00:00+00:00,2730,2736.699951,2728.699951,2734.899902,25408,0.941764534
2024-10-18 20:00:00+00:00,2734.899902,2737.800049,2734.300049,2736.5,3029,0.913931185
2024-10-20 20:00:00+00:00,2736.300049,2740.199951,2734.600098,2738.600098,4236,0.637628152
2024-10-21 00:00:00+00:00,2738.699951,2747.800049,2735.899902,2746.699951,21146,0.618783392
2024-10-21 04:00:00+00:00,2746.600098,2747.399902,2738.600098,2745.5,17640,0.600495579
2024-10-21 08:00:00+00:00,2745.399902,2752.800049,2742.699951,2749.399902,35002,1
2024-10-21 12:00:00+00:00,2749.5,2755.399902,2731.399902,2734.800049,93172,-1
2024-10-21 16:00:00+00:00,2734.600098,2740.199951,2728.5,2734.699951,28995,1
2024-10-21 20:00:00+00:00,2734.699951,2737.100098,2733.5,2735.800049,3167,0
2024-10-22 00:00:00+00:00,2735.800049,2747.5,2735,2745.699951,14404,0
2024-10-22 04:00:00+00:00,2745.199951,2751.600098,2743.5,2747.899902,16800,0
2024-10-22 08:00:00+00:00,2747.699951,2753.699951,2743.800049,2746.5,27108,-1
2024-10-22 12:00:00+00:00,2746.5,2758.699951,2746,2752.199951,68470,-0.970445534
2024-10-22 16:00:00+00:00,2752.100098,2763.199951,2751.800049,2762.800049,31956,-0.941764534
2024-10-22 20:00:00+00:00,2762.800049,2763.300049,2759.800049,2760.600098,4455,-0.913931185
2024-10-23 00:00:00+00:00,2760.600098,2761.399902,2752.100098,2760.199951,16508,-0.886920437
2024-10-23 04:00:00+00:00,2760.300049,2769.699951,2759.199951,2769,19484,-0.860707976
2024-10-23 08:00:00+00:00,2768.899902,2772.600098,2763,2763.899902,23213,1
2024-10-23 12:00:00+00:00,2763.899902,2764.5,2722.100098,2735.399902,111952,0.970445534
2024-10-23 16:00:00+00:00,2735.399902,2736.899902,2725.399902,2729.699951,28288,0
2024-10-23 20:00:00+00:00,2729.699951,2734.699951,2727.699951,2734,3558,0
2024-10-24 00:00:00+00:00,2733.899902,2739.899902,2730.5,2736,14438,0
2024-10-24 04:00:00+00:00,2736,2749.899902,2735.800049,2746.300049,20889,0
2024-10-24 08:00:00+00:00,2746.399902,2752.5,2745.199951,2751.199951,18208,1
2024-10-24 12:00:00+00:00,2751.199951,2756.300049,2735.100098,2743.899902,75030,0.970445534
2024-10-24 16:00:00+00:00,2744,2750.699951,2738.600098,2749.699951,26589,0.941764534
2024-10-24 20:00:00+00:00,2749.800049,2749.899902,2745.800049,2746,3031,0.913931185
2024-10-25 00:00:00+00:00,2746.100098,2747.800049,2737,2738.399902,11687,0.886920437
2024-10-25 04:00:00+00:00,2738.699951,2745,2736.5,2739,13864,0.860707976
2024-10-25 08:00:00+00:00,2739.100098,2741.800049,2729.100098,2736.600098,30658,1
2024-10-25 12:00:00+00:00,2736.399902,2754.399902,2735.600098,2749.899902,53655,0.970445534
2024-10-25 16:00:00+00:00,2749.699951,2757.800049,2746.699951,2755.300049,27165,0.941764534
2024-10-25 20:00:00+00:00,2755.300049,2760.899902,2755.199951,2760.800049,4616,0.913931185
2024-10-27 20:00:00+00:00,2749.199951,2752.5,2742,2748,9818,0.637628152
2024-10-28 00:00:00+00:00,2747.899902,2748.699951,2736.899902,2742.300049,16527,0.618783392
2024-10-28 04:00:00+00:00,2741.899902,2756.600098,2741.300049,2751.399902,22412,0.600495579
2024-10-28 08:00:00+00:00,2751.399902,2753.399902,2740.100098,2744.5,28568,0.582748252
2024-10-28 12:00:00+00:00,2744.399902,2758.300049,2743.5,2753.300049,55669,-1
2024-10-28 16:00:00+00:00,2753,2757.5,2752.300049,2754.699951,19644,-0.970445534
2024-10-28 20:00:00+00:00,2754.899902,2756.399902,2752,2756.199951,2582,-0.941764534
2024-10-29 00:00:00+00:00,2756.399902,2770.199951,2755.300049,2763.800049,22826,-0.913931185
2024-10-29 04:00:00+00:00,2763.600098,2768.800049,2761.100098,2764.300049,13418,-0.886920437
2024-10-29 08:00:00+00:00,2764.5,2768.800049,2757.899902,2764,31118,1
2024-10-29 12:00:00+00:00,2764,2784,2760.399902,2776.300049,87220,0.970445534
2024-10-29 16:00:00+00:00,2776.300049,2787.300049,2776.199951,2784.600098,37546,1
2024-10-29 20:00:00+00:00,2784.600098,2788,2784.300049,2787.300049,3582,0.970445534
2024-10-30 00:00:00+00:00,2787.5,2794.399902,2787.199951,2791.199951,17169,0.941764534
2024-10-30 04:00:00+00:00,2791.199951,2801.699951,2789.399902,2794.300049,20109,0.913931185
2024-10-30 08:00:00+00:00,2794.300049,2798.5,2790,2790.300049,23479,1
2024-10-30 12:00:00+00:00,2790.199951,2799.5,2782.399902,2796.600098,86290,-1
2024-10-30 16:00:00+00:00,2796.399902,2801.800049,2794.699951,2799,30533,-0.970445534
2024-10-30 20:00:00+00:00,2799,2799.699951,2796.100098,2796.399902,2987,-0.941764534
2024-10-31 00:00:00+00:00,2796.5,2800.800049,2794.699951,2795.600098,12175,-0.913931185
2024-10-31 04:00:00+00:00,2795.800049,2797.699951,2789,2792.800049,20386,-0.886920437
2024-10-31 08:00:00+00:00,2792.699951,2793.899902,2784,2790.399902,29426,-0.860707976
2024-10-31 12:00:00+00:00,2790.399902,2792.899902,2742.600098,2750.699951,120139,-0.835270211
2024-10-31 16:00:00+00:00,2752.199951,2760,2748.199951,2756.600098,40867,1
2024-10-31 20:00:00+00:00,2756.600098,2758.399902,2753.600098,2756.5,3801,0.970445534
2024-11-01 00:00:00+00:00,2756.600098,2761.600098,2754.5,2761.199951,13326,0.941764534
2024-11-01 04:00:00+00:00,2761.399902,2766.899902,2756.800049,2759.5,14538,0.913931185
2024-11-01 08:00:00+00:00,2759.300049,2765.199951,2754.800049,2762.699951,20928,0.886920437
2024-11-01 12:00:00+00:00,2762.699951,2772.399902,2749.399902,2754.399902,85377,-1
2024-11-01 16:00:00+00:00,2754.399902,2755.800049,2742.600098,2743.800049,30440,-0.970445534
2024-11-01 20:00:00+00:00,2743.899902,2746.699951,2743,2745.899902,2988,-0.941764534
2024-11-03 20:00:00+00:00,2743.5,2749.5,2739.399902,2747.399902,4706,0.810584246
2024-11-04 00:00:00+00:00,2747.600098,2751.899902,2744.5,2750.300049,11373,0.786627861
2024-11-04 04:00:00+00:00,2750.300049,2754,2744.199951,2745,14098,0.763379494
2024-11-04 08:00:00+00:00,2745,2754.399902,2740.699951,2749.899902,26174,0
2024-11-04 12:00:00+00:00,2749.699951,2757.5,2747,2748,46965,0
2024-11-04 16:00:00+00:00,2747.899902,2749.199951,2741,2747.699951,30256,0
2024-11-04 20:00:00+00:00,2747.600098,2748.100098,2744.800049,2744.800049,3034,0
2024-11-05 00:00:00+00:00,2744.800049,2745.399902,2733.399902,2744.100098,17427,0
2024-11-05 04:00:00+00:00,2744.100098,2750.199951,2740.300049,2745.300049,13263,0
2024-11-05 08:00:00+00:00,2745.399902,2754.100098,2741,2750.699951,25499,0
2024-11-05 12:00:00+00:00,2750.899902,2759.5,2742.199951,2751.399902,52098,0
2024-11-05 16:00:00+00:00,2751.5,2754,2745.5,2749.899902,32250,0.6
2024-11-05 20:00:00+00:00,2750,2755.199951,2749.100098,2754.399902,4076,0.58226732
2024-11-06 00:00:00+00:00,2754.5,2758.800049,2738.800049,2743,47804,0.56505872
2024-11-06 04:00:00+00:00,2743.199951,2752.5,2709.800049,2734.5,62052,0.548358711
2024-11-06 08:00:00+00:00,2734.399902,2742.800049,2704.399902,2707.800049,40756,0.532152262
2024-11-06 12:00:00+00:00,2707.600098,2716.899902,2660.699951,2684.600098,146579,1
2024-11-06 16:00:00+00:00,2684.699951,2687,2670.100098,2675.699951,44128,0.970445534
2024-11-06 20:00:00+00:00,2675.699951,2676.199951,2666.5,2671.300049,7455,0.941764534
2024-11-07 00:00:00+00:00,2671.300049,2671.5,2652.800049,2666.199951,29504,0.913931185
2024-11-07 04:00:00+00:00,2666.100098,2674.699951,2659.5,2670.100098,21999,0.886920437
2024-11-07 08:00:00+00:00,2670.199951,2675.199951,2664.300049,2673.300049,30061,0.860707976
2024-11-07 12:00:00+00:00,2673.199951,2707.800049,2671.300049,2706.100098,86550,0.835270211
2024-11-07 16:00:00+00:00,2706,2707.800049,2694.600098,2701.600098,76122,0.5
2024-11-07 20:00:00+00:00,2701.699951,2718.300049,2700,2714.300049,18663,0.485222767
2024-11-08 00:00:00+00:00,2714.199951,2717.800049,2701.199951,2702.399902,18982,0.470882267
2024-11-08 04:00:00+00:00,2702.399902,2703.399902,2687.300049,2694.600098,20307,0.456965593
2024-11-08 08:00:00+00:00,2694.5,2702.300049,2688.899902,2699.199951,24728,0.443460218
2024-11-08 12:00:00+00:00,2699.300049,2711.699951,2690.899902,2695.100098,86192,0
2024-11-08 16:00:00+00:00,2694.899902,2696.800049,2690.199951,2694.800049,47912,0
2024-11-08 20:00:00+00:00,2694.699951,2696.199951,2690.399902,2691.699951,7508,0
2024-11-10 20:00:00+00:00,2692.100098,2693.300049,2686.600098,2692.600098,1938,0.718923733
2024-11-11 00:00:00+00:00,2692.800049,2693.399902,2673.100098,2677.199951,20357,0.697676326
2024-11-11 04:00:00+00:00,2677,2681.300049,2673.5,2676.300049,14619,0.677056874
2024-11-11 08:00:00+00:00,2676.300049,2682.600098,2665.800049,2669.199951,26946,1
2024-11-11 12:00:00+00:00,2669.300049,2669.899902,2619.800049,2621.100098,126862,0.970445534
2024-11-11 16:00:00+00:00,2621.199951,2627.300049,2617.100098,2625.800049,54570,0
2024-11-11 20:00:00+00:00,2625.899902,2632.800049,2625.600098,2630.199951,9013,0
2024-11-12 00:00:00+00:00,2630.300049,2633.399902,2624.899902,2625,14758,0
2024-11-12 04:00:00+00:00,2624.899902,2625.300049,2601.699951,2604.600098,34940,0
2024-11-12 08:00:00+00:00,2604.800049,2612.899902,2595.699951,2604.100098,41523,-1
2024-11-12 12:00:00+00:00,2604.100098,2624.100098,2603.699951,2604.800049,94399,-0.970445534
2024-11-12 16:00:00+00:00,2605,2610,2598.800049,2604.699951,58873,-0.941764534
2024-11-12 20:00:00+00:00,2604.600098,2607.600098,2601.600098,2604.699951,7019,-0.913931185
2024-11-13 00:00:00+00:00,2604.899902,2619.100098,2603.899902,2617.300049,21980,-0.886920437
2024-11-13 04:00:00+00:00,2617.5,2618.199951,2609.300049,2612,14787,-0.860707976
2024-11-13 08:00:00+00:00,2612.100098,2617.699951,2606.699951,2616.699951,27765,-1
2024-11-13 12:00:00+00:00,2616.800049,2625,2599.300049,2611.300049,82698,0
2024-11-13 16:00:00+00:00,2611.300049,2612,2583.300049,2586.899902,73706,1
2024-11-13 20:00:00+00:00,2586.800049,2587,2573.600098,2575,13821,0.970445534
2024-11-14 00:00:00+00:00,2575.199951,2579,2563.800049,2565.300049,27044,0.941764534
2024-11-14 04:00:00+00:00,2565.199951,2569.899902,2555.100098,2561.899902,30068,0.913931185
2024-11-14 08:00:00+00:00,2561.800049,2565.199951,2541.5,2558.699951,47916,0.886920437
2024-11-14 12:00:00+00:00,2558.899902,2578.199951,2555.100098,2575.399902,79941,-1
2024-11-14 16:00:00+00:00,2575.600098,2582.699951,2572.399902,2581.399902,42309,-0.970445534
2024-11-14 20:00:00+00:00,2581.399902,2582,2569,2571.800049,15654,-0.941764534
2024-11-15 00:00:00+00:00,2571.899902,2576.5,2567.600098,2572.5,11783,-0.913931185
2024-11-15 04:00:00+00:00,2572.399902,2574.300049,2558.899902,2568.199951,14331,-0.886920437
2024-11-15 08:00:00+00:00,2568.100098,2578,2565.100098,2575.300049,22550,1
2024-11-15 12:00:00+00:00,2575.300049,2580.800049,2565.300049,2575.600098,68117,0.970445534
2024-11-15 16:00:00+00:00,2575.600098,2578.100098,2563.699951,2568.199951,39919,0.941764534
2024-11-15 20:00:00+00:00,2568.199951,2568.5,2563.899902,2567.399902,5542,0.913931185
2024-11-17 20:00:00+00:00,2571.5,2580,2568.5,2575.899902,4922,0.637628152
2024-11-18 00:00:00+00:00,2575.800049,2601.899902,2574.399902,2594.399902,32505,0.618783392
2024-11-18 04:00:00+00:00,2594.399902,2597.699951,2584.899902,2587.100098,15718,0.600495579
2024-11-18 08:00:00+00:00,2587,2601.800049,2586.300049,2598.800049,28938,1
2024-11-18 12:00:00+00:00,2598.5,2617.600098,2594.699951,2617.199951,63206,0.970445534
2024-11-18 16:00:00+00:00,2617.300049,2619.5,2611.600098,2614,32220,0
2024-11-18 20:00:00+00:00,2614,2617.100098,2612.399902,2616.600098,7325,0
2024-11-19 00:00:00+00:00,2616.699951,2629.699951,2615,2628.5,20959,0
2024-11-19 04:00:00+00:00,2628.399902,2630.600098,2621.399902,2622.899902,14931,0
2024-11-19 08:00:00+00:00,2622.699951,2640.600098,2622.5,2633.199951,46838,1
2024-11-19 12:00:00+00:00,2633.199951,2643.399902,2624.5,2628.199951,75943,0.970445534
2024-11-19 16:00:00+00:00,2628.5,2637,2626,2634.5,28292,0
2024-11-19 20:00:00+00:00,2634.5,2638.399902,2634,2638,5400,0
2024-11-20 00:00:00+00:00,2638,2645.300049,2637.399902,2641.199951,14351,0
2024-11-20 04:00:00+00:00,2641.199951,2642,2624.199951,2624.600098,19566,0
2024-11-20 08:00:00+00:00,2624.5,2631.5,2621.899902,2631.399902,29744,1
2024-11-20 12:00:00+00:00,2631.399902,2652.600098,2630.300049,2652.399902,67246,0.970445534
2024-11-20 16:00:00+00:00,2652.399902,2659,2648.800049,2654.399902,35643,0
2024-11-20 20:00:00+00:00,2654.399902,2655.5,2650.699951,2654.600098,5390,0
2024-11-21 00:00:00+00:00,2654.800049,2663.300049,2653.100098,2659.399902,15248,0
2024-11-21 04:00:00+00:00,2659.5,2667.199951,2657.100098,2665.5,14223,0
2024-11-21 08:00:00+00:00,2665.399902,2676.199951,2664.300049,2674.100098,32048,1
2024-11-21 12:00:00+00:00,2674.300049,2674.399902,2662.800049,2670.399902,60602,0.970445534
2024-11-21 16:00:00+00:00,2670.300049,2676.5,2663.600098,2672.300049,39767,0.941764534
2024-11-21 20:00:00+00:00,2672.300049,2674.399902,2670.100098,2671.100098,10934,0.913931185
2024-11-22 00:00:00+00:00,2671.300049,2692.899902,2670.800049,2688.600098,19354,0.886920437
2024-11-22 04:00:00+00:00,2688.600098,2701.800049,2685.100098,2699.100098,21102,0.860707976
2024-11-22 08:00:00+00:00,2699.199951,2712.399902,2695.800049,2701.100098,45965,-1
2024-11-22 12:00:00+00:00,2701,2707.5,2686.399902,2706,73576,-0.970445534
2024-11-22 16:00:00+00:00,2706.100098,2713.699951,2703.100098,2710.300049,40120,0
2024-11-22 20:00:00+00:00,2710.300049,2718.5,2707.199951,2718.199951,9562,0
2024-11-24 20:00:00+00:00,2716.899902,2723.199951,2690,2721.600098,7682,0
2024-11-25 00:00:00+00:00,2721.5,2721.899902,2661,2674,41693,0
2024-11-25 04:00:00+00:00,2674,2678.100098,2660,2669.399902,28830,0
2024-11-25 08:00:00+00:00,2669.199951,2690.300049,2668.699951,2688.399902,31216,-1
2024-11-25 12:00:00+00:00,2688.5,2689.5,2627.300049,2629.600098,109970,-0.970445534
2024-11-25 16:00:00+00:00,2629.399902,2640.899902,2616.600098,2626.899902,59850,-0.941764534
2024-11-25 20:00:00+00:00,2626.899902,2630,2605.300049,2610.5,10746,-0.913931185
2024-11-26 00:00:00+00:00,2610.699951,2632.600098,2608.800049,2630.5,17301,-0.886920437
2024-11-26 04:00:00+00:00,2630.199951,2631.600098,2610.899902,2614.199951,13262,-0.860707976
2024-11-26 08:00:00+00:00,2614.199951,2633.600098,2612.800049,2633.5,27161,-1
2024-11-26 12:00:00+00:00,2633.699951,2642.699951,2616.699951,2629.899902,66287,-1
2024-11-26 16:00:00+00:00,2630,2631.800049,2619.699951,2628.699951,33580,-1
2024-11-26 20:00:00+00:00,2628.899902,2634.300049,2628.100098,2632,3684,-0.970445534
2024-11-27 00:00:00+00:00,2632.5,2640.800049,2627.199951,2638.300049,4075,-0.941764534
2024-11-27 04:00:00+00:00,2637.899902,2648.800049,2636.800049,2647.399902,6022,-0.913931185
2024-11-27 08:00:00+00:00,2646.800049,2679.100098,2642.100098,2650.699951,49274,1
2024-11-27 12:00:00+00:00,2675.899902,2683.399902,2634.5,2668,103285,0.970445534
2024-11-27 16:00:00+00:00,2667.800049,2669.600098,2634.199951,2659.899902,24615,-1
2024-11-27 20:00:00+00:00,2659.899902,2664.199951,2634.800049,2661.399902,4315,-0.970445534
2024-11-28 00:00:00+00:00,2661.300049,2662.699951,2620.699951,2654,15728,-0.941764534
2024-11-28 04:00:00+00:00,2654,2658.199951,2628.800049,2655.300049,1379,-0.913931185
2024-11-29 12:00:00+00:00,2681.5,2686.399902,2652.399902,2682.800049,21117,0.970445534
2024-11-29 16:00:00+00:00,2682.800049,2686.5,2658.800049,2684.899902,10641,0.941764534
2024-12-01 20:00:00+00:00,2673.800049,2678.5,2645.100098,2668.5,4331,0.637628152
2024-12-02 00:00:00+00:00,2668.800049,2670.300049,2621.699951,2652.199951,29386,0.618783392
2024-12-02 04:00:00+00:00,2652.300049,2656.300049,2622.5,2652.300049,15490,0.600495579
2024-12-02 08:00:00+00:00,2652.300049,2669.199951,2625.899902,2664.699951,28363,0
2024-12-02 12:00:00+00:00,2664.699951,2675,2638.100098,2665.399902,46439,0
2024-12-02 16:00:00+00:00,2665.5,2667.399902,2635.699951,2660.600098,25005,0
2024-12-02 20:00:00+00:00,2660.600098,2667.399902,2639,2664.699951,7141,0
2024-12-03 00:00:00+00:00,2664.899902,2668.300049,2639.199951,2663.199951,13257,0
2024-12-03 04:00:00+00:00,2663.100098,2672.800049,2638.199951,2667.300049,13732,0
2024-12-03 08:00:00+00:00,2667.199951,2670.899902,2640.199951,2666.199951,25231,1
2024-12-03 12:00:00+00:00,2666,2678.399902,2636,2663.100098,53020,1
2024-12-03 16:00:00+00:00,2663.100098,2671.699951,2638.899902,2663.300049,23942,0.970445534
2024-12-03 20:00:00+00:00,2663.199951,2666.699951,2641.699951,2664.699951,3782,0.941764534
2024-12-04 00:00:00+00:00,2664.699951,2670.300049,2639.199951,2666.699951,12742,0.913931185
2024-12-04 04:00:00+00:00,2666.5,2673.600098,2643.600098,2663.600098,12618,0.886920437
2024-12-04 08:00:00+00:00,2663.5,2669.600098,2645.600098,2668.100098,24944,1
2024-12-04 12:00:00+00:00,2668.100098,2682,2637,2679.699951,71999,0.970445534
2024-12-04 16:00:00+00:00,2679.699951,2680.399902,2650.899902,2676.199951,26741,0.941764534
2024-12-04 20:00:00+00:00,2676.199951,2676.399902,2672.399902,2673.899902,4513,0.913931185
2024-12-05 00:00:00+00:00,2674,2674.600098,2649.800049,2672.800049,9598,0.886920437
2024-12-05 04:00:00+00:00,2672.800049,2680,2650,2673.5,18722,0.860707976
2024-12-05 08:00:00+00:00,2673.399902,2676.399902,2644.5,2674.800049,18618,0.835270211
2024-12-05 12:00:00+00:00,2675,2677.899902,2633.199951,2663.5,54720,1
2024-12-05 16:00:00+00:00,2663.699951,2666.699951,2625.699951,2652.800049,38767,0.970445534
2024-12-05 20:00:00+00:00,2652.899902,2656.800049,2651.100098,2656.699951,4248,0.941764534
2024-12-06 00:00:00+00:00,2656.600098,2664.800049,2617.5,2662.899902,24545,0.913931185
2024-12-06 04:00:00+00:00,2663,2666.699951,2638.100098,2661.800049,20628,0.886920437
2024-12-06 08:00:00+00:00,2661.699951,2667.899902,2636.600098,2659.899902,22040,0.860707976
2024-12-06 12:00:00+00:00,2659.800049,2665.300049,2627,2659.5,60898,-1
2024-12-06 16:00:00+00:00,2659.5,2663.699951,2635.600098,2656.800049,22829,-0.970445534
2024-12-06 20:00:00+00:00,2656.800049,2658.300049,2633.399902,2654.899902,4746,-0.941764534
2024-12-08 20:00:00+00:00,2665,2672.699951,2658.5,2662.399902,6545,-0.65704682
2024-12-09 00:00:00+00:00,2662.199951,2672.899902,2630.800049,2660.600098,21165,-0.637628152
2024-12-09 04:00:00+00:00,2660.5,2673.199951,2636.699951,2672.300049,16576,-0.618783392
2024-12-09 08:00:00+00:00,2672.5,2682.5,2651.600098,2678.300049,28358,1
2024-12-09 12:00:00+00:00,2678.300049,2700,2657.100098,2691.199951,63892,1
2024-12-09 16:00:00+00:00,2691.100098,2693.5,2663,2682.899902,28372,0.970445534
2024-12-09 20:00:00+00:00,2682.899902,2684.5,2661.600098,2683,6821,0.941764534
2024-12-10 00:00:00+00:00,2683,2694.399902,2661,2692.699951,20036,0.913931185
2024-12-10 04:00:00+00:00,2692.800049,2696.899902,2665.899902,2686.600098,13502,0.886920437
2024-12-10 08:00:00+00:00,2686.5,2699.5,2663.600098,2697,31460,1
2024-12-10 12:00:00+00:00,2697.100098,2717.199951,2676.800049,2712.399902,68730,0.970445534
2024-12-10 16:00:00+00:00,2712.300049,2721.100098,2692.899902,2718.300049,33226,0.941764534
2024-12-10 20:00:00+00:00,2718.199951,2726.300049,2717.300049,2723.800049,5800,0.913931185
2024-12-11 00:00:00+00:00,2723.800049,2741,2701.800049,2737.600098,38666,0.886920437
2024-12-11 04:00:00+00:00,2737.699951,2740.899902,2700,2726.199951,43431,0.860707976
2024-12-11 08:00:00+00:00,2726.100098,2734.600098,2693.100098,2727.300049,30261,1
2024-12-11 12:00:00+00:00,2727.5,2759.699951,2702.100098,2754.699951,84990,0.970445534
2024-12-11 16:00:00+00:00,2754.800049,2759,2726.399902,2753,39960,0
2024-12-11 20:00:00+00:00,2753.300049,2755.300049,2728.399902,2753.899902,6748,0
2024-12-12 00:00:00+00:00,2753.899902,2761.300049,2743.100098,2748.300049,20105,0
2024-12-12 04:00:00+00:00,2748.199951,2752.899902,2744.5,2749,13909,0
2024-12-12 08:00:00+00:00,2749,2755.300049,2718.399902,2742.5,32189,-1
2024-12-12 12:00:00+00:00,2742.5,2744.5,2677.399902,2701.5,105736,-0.970445534
2024-12-12 16:00:00+00:00,2701.199951,2711.899902,2685.199951,2706.399902,30263,-0.941764534
2024-12-12 20:00:00+00:00,2706.5,2707.5,2683.600098,2704.899902,4818,-0.913931185
2024-12-13 00:00:00+00:00,2704.899902,2716.399902,2703.5,2710.300049,18921,-0.886920437
2024-12-13 04:00:00+00:00,2710.300049,2711.199951,2684.800049,2705.300049,12726,-0.860707976
2024-12-13 08:00:00+00:00,2705.199951,2706.399902,2664,2685.399902,38011,-0.835270211
2024-12-13 12:00:00+00:00,2685.300049,2695.100098,2658.300049,2679.199951,63500,-0.810584246
2024-12-13 16:00:00+00:00,2679.100098,2683.699951,2671.199951,2672.800049,27844,-0.786627861
2024-12-13 20:00:00+00:00,2672.899902,2673.300049,2647.899902,2665.899902,10758,0
2024-12-15 20:00:00+00:00,2668,2670.800049,2666.199951,2669.300049,2590,0
2024-12-16 00:00:00+00:00,2669.199951,2674.100098,2661.399902,2671.699951,14241,0
2024-12-16 04:00:00+00:00,2671.699951,2674.399902,2667.600098,2672.199951,9592,0
2024-12-16 08:00:00+00:00,2672.300049,2683.300049,2657.100098,2682.5,24061,1
2024-12-16 12:00:00+00:00,2682.399902,2683.399902,2662.5,2672.800049,36065,0.970445534
2024-12-16 16:00:00+00:00,2672.800049,2674.199951,2651,2669.899902,18830,0.941764534
2024-12-16 20:00:00+00:00,2669.800049,2671,2651.800049,2668.399902,4100,0.913931185
2024-12-17 00:00:00+00:00,2668.5,2675.800049,2651.899902,2670.800049,11296,0.886920437
2024-12-17 04:00:00+00:00,2670.699951,2673.399902,2663.699951,2670.399902,13373,0.860707976
2024-12-17 08:00:00+00:00,2670.199951,2670.199951,2637.199951,2657.199951,35163,0.835270211
2024-12-17 12:00:00+00:00,2657.100098,2662,2632.5,2654.399902,51980,1
2024-12-17 16:00:00+00:00,2654.5,2665.300049,2651,2662,20632,0
2024-12-17 20:00:00+00:00,2662,2664.100098,2659.899902,2663.600098,4250,0
2024-12-18 00:00:00+00:00,2663.699951,2667.600098,2660.100098,2660.5,8794,0
2024-12-18 04:00:00+00:00,2660.399902,2664.600098,2657.300049,2659.5,9027,0
2024-12-18 08:00:00+00:00,2658.5,2665.5,2657.300049,2661.800049,13529,-1
2024-12-18 12:00:00+00:00,2661.699951,2664.100098,2649.600098,2654.800049,34772,-0.970445534
2024-12-18 16:00:00+00:00,2654.800049,2656.199951,2618.899902,2619.5,51615,-0.941764534
2024-12-18 20:00:00+00:00,2619.399902,2624.600098,2596.699951,2601.5,30351,-0.913931185
2024-12-19 00:00:00+00:00,2601.699951,2630,2601.399902,2623.100098,28093,-0.886920437
2024-12-19 04:00:00+00:00,2623.399902,2635.899902,2616.100098,2630.100098,23107,-0.860707976
2024-12-19 08:00:00+00:00,2630,2640.899902,2626.5,2630.899902,28258,-1
2024-12-19 12:00:00+00:00,2630.800049,2630.899902,2601,2603.100098,66105,1
2024-12-19 16:00:00+00:00,2603,2616,2601.699951,2611.399902,27614,0.970445534
2024-12-19 20:00:00+00:00,2611.5,2615.5,2607.600098,2608.800049,5043,0.941764534
2024-12-20 00:00:00+00:00,2608.699951,2618,2603.699951,2612.300049,19851,0.913931185
2024-12-20 04:00:00+00:00,2612.300049,2621.5,2610.600098,2620,10077,0.886920437
2024-12-20 08:00:00+00:00,2620.100098,2622.300049,2614.800049,2618.399902,16436,0.860707976
2024-12-20 12:00:00+00:00,2618.399902,2652.699951,2614.399902,2652.100098,58089,0.835270211
2024-12-20 16:00:00+00:00,2652.199951,2653.800049,2641.199951,2648,31073,0.810584246
2024-12-20 20:00:00+00:00,2647.800049,2648.199951,2638,2640.800049,7218,0.786627861
2024-12-22 20:00:00+00:00,2639.100098,2641.899902,2638,2641.399902,1806,0.548811636
2024-12-23 00:00:00+00:00,2641.5,2643,2634.199951,2639.100098,12415,0.532591801
2024-12-23 04:00:00+00:00,2639,2646.800049,2638.800049,2643.899902,11217,0.516851334
2024-12-23 08:00:00+00:00,2643.899902,2646.5,2627.199951,2630,19003,1
2024-12-23 12:00:00+00:00,2630.199951,2633.899902,2624,2624.699951,30767,-1
2024-12-23 16:00:00+00:00,2624.600098,2633,2623.199951,2626.800049,21616,-0.970445534
2024-12-23 20:00:00+00:00,2626.800049,2631.899902,2624.899902,2629.899902,3786,-0.941764534
2024-12-24 00:00:00+00:00,2629.800049,2634,2627.399902,2632,7086,-0.913931185
2024-12-24 04:00:00+00:00,2632,2633.5,2631.600098,2633.399902,1853,-0.886920437
2024-12-24 12:00:00+00:00,2628.600098,2632.600098,2624.199951,2626.600098,10024,0.970445534
2024-12-24 16:00:00+00:00,2626.5,2635.800049,2626.5,2634.199951,8437,0
2024-12-26 04:00:00+00:00,2643.800049,2644,2638.399902,2640,5622,0
2024-12-26 08:00:00+00:00,2640,2646.199951,2639.899902,2643.800049,8381,0
2024-12-26 12:00:00+00:00,2643.800049,2655.600098,2637.899902,2652.800049,27873,0
2024-12-26 16:00:00+00:00,2652.899902,2654.600098,2645.300049,2653.399902,20689,0
2024-12-26 20:00:00+00:00,2653.300049,2655.699951,2651.800049,2652.800049,3951,0
2024-12-27 00:00:00+00:00,2652.800049,2653.899902,2647.199951,2652.5,8275,0
2024-12-27 04:00:00+00:00,2652.399902,2652.600098,2647.300049,2648.800049,8666,0
2024-12-27 08:00:00+00:00,2648.699951,2648.699951,2638.300049,2644.199951,13675,0
2024-12-27 12:00:00+00:00,2644.100098,2646.5,2625.199951,2633.300049,38465,0
2024-12-27 16:00:00+00:00,2633.399902,2637,2629,2636.300049,16130,0
2024-12-27 20:00:00+00:00,2636.300049,2636.600098,2628.600098,2636.100098,5534,0
2024-12-29 20:00:00+00:00,2636.100098,2640.5,2633.600098,2638.699951,1756,0
2024-12-30 00:00:00+00:00,2638.899902,2640.699951,2635.399902,2639.899902,7304,0
2024-12-30 04:00:00+00:00,2639.800049,2639.800049,2627.600098,2628.899902,9148,0
2024-12-30 08:00:00+00:00,2628.800049,2631.699951,2621.300049,2629.5,19168,1
2024-12-30 12:00:00+00:00,2629.399902,2636.899902,2611.899902,2613.600098,42437,0.970445534
2024-12-30 16:00:00+00:00,2613.699951,2621.699951,2608.399902,2620.300049,21958,0.941764534
2024-12-30 20:00:00+00:00,2620.300049,2623.199951,2617.800049,2620.199951,3361,0.913931185
2024-12-31 00:00:00+00:00,2620.199951,2624,2615.5,2616.600098,6760,0.886920437
2024-12-31 04:00:00+00:00,2616.5,2626.5,2614.300049,2625.899902,7920,0.860707976
2024-12-31 08:00:00+00:00,2626,2629.699951,2622.199951,2623.399902,11486,1
2024-12-31 12:00:00+00:00,2623.600098,2641,2617.399902,2640.199951,26272,0.970445534
2024-12-31 16:00:00+00:00,2640,2642,2636.5,2637.899902,25871,1
2024-12-31 20:00:00+00:00,2637.800049,2639.399902,2636.800049,2639.300049,2520,0.970445534
2025-01-02 04:00:00+00:00,2645.800049,2648.800049,2643.600098,2647.899902,6878,0.763379494
2025-01-02 08:00:00+00:00,2648,2659.399902,2642.600098,2654.600098,23550,0.740818221
2025-01-02 12:00:00+00:00,2654.699951,2669.699951,2648.199951,2667.699951,54357,0.718923733
2025-01-02 16:00:00+00:00,2667.699951,2674.199951,2663.199951,2668.199951,34002,1
2025-01-02 20:00:00+00:00,2668.300049,2674.100098,2667.699951,2671.100098,5014,1
2025-01-03 00:00:00+00:00,2671.300049,2681,2670.300049,2677.399902,18451,0.970445534
2025-01-03 04:00:00+00:00,2677.100098,2679.399902,2667.899902,2669.600098,9639,0.941764534
2025-01-03 08:00:00+00:00,2669.600098,2673.5,2664.300049,2672.100098,17668,-1
2025-01-03 12:00:00+00:00,2672.100098,2672.800049,2655,2657.899902,40284,-0.970445534
2025-01-03 16:00:00+00:00,2657.800049,2661.300049,2652.300049,2653.300049,22131,-0.941764534
2025-01-03 20:00:00+00:00,2653.300049,2654,2649.699951,2652.600098,5814,-0.913931185
2025-01-05 20:00:00+00:00,2652.800049,2655.199951,2651.600098,2653.600098,1804,-0.637628152
2025-01-06 00:00:00+00:00,2653.600098,2661,2651.199951,2652.199951,10886,-0.618783392
2025-01-06 04:00:00+00:00,2652.199951,2652.899902,2636.600098,2638.699951,19844,-0.600495579
2025-01-06 08:00:00+00:00,2638.600098,2663.800049,2637.5,2659.399902,27067,-0.582748252
2025-01-06 12:00:00+00:00,2659.399902,2661.699951,2624.600098,2645.5,75458,-1
2025-01-06 16:00:00+00:00,2644.300049,2652.699951,2643.399902,2645.600098,23535,0
2025-01-06 20:00:00+00:00,2645.5,2647.800049,2643.699951,2645.100098,3551,0
2025-01-07 00:00:00+00:00,2645.300049,2652.100098,2643.5,2650.699951,9017,0
2025-01-07 04:00:00+00:00,2650.5,2657.600098,2647.699951,2652.199951,10608,0
2025-01-07 08:00:00+00:00,2652.100098,2659.899902,2651.199951,2659.600098,14983,1
2025-01-07 12:00:00+00:00,2659.699951,2678.5,2653.800049,2661,85484,-1
2025-01-07 16:00:00+00:00,2661.100098,2670.399902,2659.899902,2663.699951,28278,1
2025-01-07 20:00:00+00:00,2663.800049,2666,2661.600098,2663.800049,4497,0.970445534
2025-01-08 00:00:00+00:00,2663.800049,2666.199951,2659.300049,2660.100098,8518,0.941764534
2025-01-08 04:00:00+00:00,2660,2668.5,2658.399902,2666.399902,9018,0.913931185
2025-01-08 08:00:00+00:00,2666.399902,2669.300049,2660.300049,2664.100098,20001,0.886920437
2025-01-08 12:00:00+00:00,2664.100098,2683.899902,2658.899902,2681.5,70324,-1
2025-01-08 16:00:00+00:00,2681.300049,2687,2665.300049,2674.600098,58166,-0.970445534
2025-01-08 20:00:00+00:00,2674.800049,2681.5,2674.699951,2679.199951,6316,-0.941764534
2025-01-09 00:00:00+00:00,2679.199951,2680.899902,2674.300049,2678,8991,-0.913931185
2025-01-09 04:00:00+00:00,2678,2683.899902,2673.699951,2678.899902,10866,-0.886920437
2025-01-09 08:00:00+00:00,2678.800049,2690.699951,2676.899902,2687.300049,31263,-1
2025-01-09 12:00:00+00:00,2687.300049,2696.800049,2686,2687.5,41280,-0.970445534
2025-01-09 16:00:00+00:00,2687.5,2693.5,2681.800049,2691.300049,37470,-0.941764534
2025-01-09 20:00:00+00:00,2691.300049,2693.800049,2690.600098,2693.300049,2724,-0.913931185
2025-01-10 00:00:00+00:00,2693.5,2698.699951,2692.899902,2697.699951,9191,-0.886920437
2025-01-10 04:00:00+00:00,2697.600098,2698,2694.899902,2695.699951,1454,-0.860707976
