DateTime,Open,High,Low,Close,Volume,Sentiment,lstm_pred,gru_pred,transformer_pred
2024-06-10 04:00:00+00:00,2312.1,2314.5,2304.5,2313.7,21795.0,0.0,2310.426,2313.877,2321.215
2024-06-10 08:00:00+00:00,2313.6,2323.4,2308.9,2322.7,24388.0,0.0,2312.764,2313.963,2318.08
2024-06-10 12:00:00+00:00,2322.7,2326.3,2317.6,2324.6,42662.0,0.0,2318.831,2319.673,2315.29
2024-06-10 16:00:00+00:00,2324.7,2331.3,2324.2,2326.4,27627.0,1.0,2324.814,2324.097,2331.817
2024-06-10 20:00:00+00:00,2326.4,2329.9,2326.0,2327.0,2990.0,0.97,2328.838,2326.811,2319.39
2024-06-11 00:00:00+00:00,2327.1,2329.1,2315.7,2320.6,21100.0,0.942,2330.779,2328.037,2320.877
2024-06-11 04:00:00+00:00,2320.5,2322.4,2314.5,2321.4,14438.0,0.914,2329.333,2324.681,2313.269
2024-06-11 08:00:00+00:00,2321.5,2325.8,2319.1,2324.9,16658.0,0.887,2326.632,2322.891,2317.013
2024-06-11 12:00:00+00:00,2324.9,2337.3,2324.7,2327.2,62858.0,0.861,2326.16,2324.342,2337.568
2024-06-11 16:00:00+00:00,2327.4,2332.8,2322.7,2332.4,22994.0,0.835,2327.793,2326.778,2332.753
2024-06-11 20:00:00+00:00,2332.6,2334.4,2330.9,2332.1,4209.0,0.811,2331.632,2330.956,2331.054
2024-06-12 00:00:00+00:00,2332.2,2333.3,2327.2,2330.7,10318.0,0.787,2334.738,2332.861,2326.584
2024-06-12 04:00:00+00:00,2330.5,2334.5,2328.2,2331.2,11342.0,0.763,2335.596,2332.513,2323.112
2024-06-12 08:00:00+00:00,2331.1,2332.5,2327.6,2329.7,19032.0,0.741,2335.348,2332.26,2330.308
2024-06-12 12:00:00+00:00,2329.5,2358.8,2328.2,2352.2,122504.0,0.719,2334.11,2331.27,2330.108
2024-06-12 16:00:00+00:00,2352.4,2356.7,2332.2,2337.7,62232.0,0.698,2341.658,2343.412,2346.392
2024-06-12 20:00:00+00:00,2337.8,2341.5,2335.6,2336.2,4260.0,0.677,2345.145,2342.571,2338.789
2024-06-13 00:00:00+00:00,2336.1,2338.9,2323.8,2329.7,18640.0,0.657,2343.338,2339.251,2344.958
2024-06-13 04:00:00+00:00,2329.7,2334.2,2324.4,2332.5,14020.0,0.638,2338.025,2333.744,2334.536
2024-06-13 08:00:00+00:00,2332.7,2336.0,2319.2,2322.5,21389.0,0.619,2334.523,2332.519,2340.017
2024-06-13 12:00:00+00:00,2322.4,2342.4,2313.2,2314.4,89511.0,0.6,2329.488,2326.996,2331.387
2024-06-13 16:00:00+00:00,2314.3,2320.5,2310.9,2319.0,29582.0,0.583,2322.11,2319.305,2320.195
2024-06-13 20:00:00+00:00,2319.1,2320.0,2317.1,2317.6,2098.0,0.566,2318.57,2318.322,2321.053
2024-06-14 00:00:00+00:00,2317.7,2323.8,2316.7,2320.5,10373.0,0.549,2318.555,2318.271,2312.862
2024-06-14 04:00:00+00:00,2320.5,2331.9,2318.6,2330.6,18850.0,0.533,2320.223,2320.087,2316.988
2024-06-14 08:00:00+00:00,2330.5,2352.3,2329.9,2347.6,46084.0,0.517,2326.108,2327.017,2337.217
2024-06-14 12:00:00+00:00,2347.7,2351.3,2339.5,2341.7,52401.0,0.502,2338.156,2340.465,2349.305
2024-06-14 16:00:00+00:00,2341.7,2351.6,2341.0,2348.1,23858.0,0.487,2346.479,2343.925,2336.438
2024-06-14 20:00:00+00:00,2348.2,2348.7,2346.6,2348.4,2170.0,0.472,2351.243,2347.372,2356.106
2024-06-16 20:00:00+00:00,2348.5,2348.7,2342.4,2343.8,3426.0,0.0,2353.136,2348.958,2344.564
2024-06-17 00:00:00+00:00,2343.6,2343.9,2336.2,2339.3,14160.0,0.0,2351.287,2346.672,2353.227
2024-06-17 04:00:00+00:00,2339.3,2341.2,2330.1,2331.7,17684.0,0.0,2346.336,2342.434,2345.005
2024-06-17 08:00:00+00:00,2331.6,2337.4,2331.0,2332.7,15323.0,0.0,2339.04,2335.948,2340.321
2024-06-17 12:00:00+00:00,2332.8,2342.6,2324.3,2327.1,47326.0,0.0,2334.172,2333.306,2332.02
2024-06-17 16:00:00+00:00,2327.2,2335.5,2327.2,2335.0,19040.0,0.0,2330.55,2329.659,2329.985
2024-06-17 20:00:00+00:00,2335.0,2335.9,2333.3,2335.5,2788.0,0.0,2331.314,2332.41,2343.822
2024-06-18 00:00:00+00:00,2335.6,2341.1,2334.0,2339.5,9696.0,0.0,2334.462,2334.99,2331.148
2024-06-18 04:00:00+00:00,2339.1,2339.6,2329.5,2330.0,12559.0,0.0,2338.591,2338.372,2344.862
2024-06-18 08:00:00+00:00,2329.9,2329.9,2320.2,2328.0,24798.0,0.0,2337.862,2334.626,2341.019
2024-06-18 12:00:00+00:00,2327.9,2344.8,2326.0,2341.7,74944.0,0.0,2334.216,2330.71,2343.929
2024-06-18 16:00:00+00:00,2341.9,2348.2,2341.2,2344.1,24811.0,0.0,2336.507,2336.727,2348.515
2024-06-18 20:00:00+00:00,2344.2,2345.6,2342.2,2343.0,2336.0,0.0,2342.013,2342.257,2334.641
2024-06-19 00:00:00+00:00,2343.0,2346.3,2341.1,2342.9,7009.0,0.0,2345.471,2343.933,2335.48
2024-06-20 04:00:00+00:00,2347.4,2359.2,2347.4,2352.1,24136.0,0.0,2346.647,2344.009,2353.292
2024-06-20 08:00:00+00:00,2352.2,2354.9,2345.2,2352.8,22825.0,0.0,2350.072,2348.9,2349.457
2024-06-20 12:00:00+00:00,2353.0,2379.5,2348.7,2367.3,97942.0,0.0,2353.833,2352.153,2357.138
2024-06-20 16:00:00+00:00,2367.3,2374.6,2366.3,2372.4,20406.0,0.5,2361.208,2361.276,2356.667
2024-06-20 20:00:00+00:00,2372.5,2374.5,2371.5,2374.3,3970.0,0.485,2369.563,2368.979,2374.789
2024-06-21 00:00:00+00:00,2374.2,2378.3,2370.6,2375.7,12622.0,0.471,2375.546,2373.126,2367.262
2024-06-21 04:00:00+00:00,2375.8,2379.3,2368.6,2376.7,19459.0,0.457,2378.195,2375.069,2376.965
2024-06-21 08:00:00+00:00,2376.7,2382.6,2374.9,2380.0,17821.0,0.443,2378.616,2376.021,2380.224
2024-06-21 12:00:00+00:00,2380.1,2381.8,2336.1,2340.9,92042.0,0.43,2379.139,2377.978,2369.052
2024-06-21 16:00:00+00:00,2341.0,2342.3,2329.2,2335.0,38241.0,0.418,2363.197,2357.665,2330.561
2024-06-21 20:00:00+00:00,2335.0,2335.6,2333.6,2334.7,2429.0,0.405,2343.193,2341.418,2331.884
2024-06-23 20:00:00+00:00,2333.5,2336.1,2329.5,2331.3,4279.0,0.283,2332.065,2334.832,2333.02
2024-06-24 00:00:00+00:00,2331.2,2339.1,2330.1,2338.1,12357.0,0.274,2327.794,2331.688,2338.385
2024-06-24 04:00:00+00:00,2338.0,2344.4,2333.6,2343.2,15698.0,0.266,2330.174,2334.852,2333.424
2024-06-24 08:00:00+00:00,2343.3,2345.4,2332.9,2338.5,22192.0,0.258,2336.683,2340.291,2344.912
2024-06-24 12:00:00+00:00,2338.5,2346.5,2335.6,2340.1,41182.0,0.251,2340.712,2340.488,2333.696
2024-06-24 16:00:00+00:00,2340.2,2347.5,2339.3,2344.6,15793.0,0.243,2342.82,2340.696,2341.582
2024-06-24 20:00:00+00:00,2344.6,2347.5,2342.6,2343.3,2823.0,0.236,2344.666,2343.266,2344.841
2024-06-25 00:00:00+00:00,2343.3,2343.4,2335.6,2336.6,11943.0,0.229,2345.829,2344.022,2342.581
2024-06-25 04:00:00+00:00,2336.7,2342.3,2334.8,2337.0,15381.0,0.222,2343.349,2340.274,2345.406
2024-06-25 08:00:00+00:00,2336.7,2349.7,2335.1,2342.7,24288.0,0.216,2340.188,2338.116,2341.896
2024-06-25 12:00:00+00:00,2342.7,2343.2,2327.6,2337.0,63839.0,0.209,2340.816,2340.65,2348.65
2024-06-25 16:00:00+00:00,2337.0,2337.4,2327.1,2331.9,21062.0,0.203,2340.678,2339.302,2349.884
2024-06-25 20:00:00+00:00,2331.8,2333.2,2330.0,2331.6,3419.0,0.197,2337.535,2335.212,2327.421
2024-06-26 00:00:00+00:00,2331.8,2335.8,2322.0,2328.6,23153.0,0.191,2334.477,2332.851,2331.35
2024-06-26 04:00:00+00:00,2328.8,2329.8,2321.3,2327.8,17770.0,0.186,2331.914,2330.428,2329.916
2024-06-26 08:00:00+00:00,2327.7,2330.1,2315.7,2324.8,31570.0,0.18,2330.111,2328.927,2328.014
2024-06-26 12:00:00+00:00,2324.8,2329.8,2304.7,2311.4,84301.0,0.175,2328.103,2326.75,2331.255
2024-06-26 16:00:00+00:00,2311.4,2314.3,2308.2,2310.2,19557.0,0.17,2321.644,2318.096,2316.408
2024-06-26 20:00:00+00:00,2310.2,2310.7,2307.2,2308.9,3569.0,0.0,2315.363,2312.68,2313.727
2024-06-27 00:00:00+00:00,2308.9,2311.0,2307.4,2309.6,8255.0,0.0,2311.587,2310.173,2315.399
2024-06-27 04:00:00+00:00,2309.5,2314.2,2306.8,2312.8,12703.0,0.0,2310.594,2310.019,2323.563
2024-06-27 08:00:00+00:00,2312.6,2328.5,2312.4,2327.6,24153.0,0.0,2312.389,2312.259,2314.804
2024-06-27 12:00:00+00:00,2327.7,2342.0,2326.8,2338.3,65325.0,0.0,2320.222,2322.181,2341.113
2024-06-27 16:00:00+00:00,2338.2,2339.1,2333.3,2336.8,21123.0,0.0,2332.153,2333.747,2347.319
2024-06-27 20:00:00+00:00,2336.7,2339.4,2336.3,2338.2,2972.0,0.0,2340.674,2338.075,2338.571
2024-06-28 00:00:00+00:00,2338.1,2338.7,2329.7,2332.1,16669.0,0.0,2344.22,2339.525,2337.232
2024-06-28 04:00:00+00:00,2332.5,2339.6,2330.3,2337.8,13095.0,0.0,2342.177,2336.164,2349.961
2024-06-28 08:00:00+00:00,2337.9,2347.6,2337.1,2344.4,18935.0,0.0,2340.569,2337.041,2340.12
2024-06-28 12:00:00+00:00,2344.6,2350.6,2333.2,2339.0,55211.0,0.0,2342.742,2341.746,2350.611
2024-06-28 16:00:00+00:00,2339.1,2343.3,2333.3,2335.5,23072.0,0.0,2343.356,2341.313,2341.859
2024-06-28 20:00:00+00:00,2335.4,2337.1,2333.1,2336.9,2246.0,0.0,2341.244,2338.331,2331.37
2024-06-30 20:00:00+00:00,2336.2,2337.4,2333.1,2335.1,2750.0,0.0,2339.507,2337.412,2338.652
2024-07-01 00:00:00+00:00,2334.9,2338.9,2332.3,2335.1,8824.0,0.0,2338.015,2336.305,2339.684
2024-07-01 04:00:00+00:00,2334.9,2338.8,2328.2,2333.4,18429.0,0.0,2337.122,2335.787,2328.683
2024-07-01 08:00:00+00:00,2333.4,2348.5,2331.7,2348.3,20679.0,0.0,2335.985,2334.7,2329.54
2024-07-01 12:00:00+00:00,2348.3,2348.8,2329.1,2337.9,61821.0,0.0,2341.182,2342.564,2349.268
2024-07-01 16:00:00+00:00,2337.9,2342.1,2336.7,2341.0,22830.0,0.0,2343.553,2341.578,2338.376
2024-07-01 20:00:00+00:00,2341.0,2342.6,2340.9,2341.7,2534.0,0.0,2343.8,2341.445,2345.151
2024-07-02 00:00:00+00:00,2341.6,2343.8,2335.2,2335.7,11368.0,0.0,2343.88,2341.923,2334.314
2024-07-02 04:00:00+00:00,2335.3,2341.0,2332.4,2340.1,16623.0,0.0,2341.61,2338.824,2338.987
2024-07-02 08:00:00+00:00,2340.2,2341.8,2328.6,2329.7,21828.0,0.0,2340.639,2339.347,2346.399
2024-07-02 12:00:00+00:00,2329.8,2346.1,2327.4,2333.6,68914.0,0.0,2336.861,2334.304,2328.324
2024-07-02 16:00:00+00:00,2333.5,2340.4,2329.7,2339.8,23214.0,0.0,2334.383,2333.406,2333.907
2024-07-02 20:00:00+00:00,2339.8,2340.6,2337.6,2339.5,3071.0,0.0,2336.784,2337.246,2341.658
2024-07-03 00:00:00+00:00,2339.5,2341.7,2335.7,2341.1,10578.0,0.0,2339.753,2339.486,2346.989
2024-07-03 12:00:00+00:00,2359.8,2374.5,2356.9,2372.5,64636.0,0.0,2342.291,2341.132,2330.441
2024-07-03 16:00:00+00:00,2372.5,2372.6,2364.5,2366.0,10210.0,0.0,2355.941,2359.3,2380.322
2024-07-05 04:00:00+00:00,2370.2,2375.8,2369.7,2373.3,62877.0,0.0,2367.399,2366.169,2358.376
2024-07-05 08:00:00+00:00,2373.4,2376.3,2369.7,2373.6,19845.0,0.0,2374.812,2371.31,2365.016
2024-07-05 12:00:00+00:00,2373.7,2396.7,2356.0,2393.0,129559.0,0.0,2377.622,2373.386,2373.941
2024-07-05 16:00:00+00:00,2392.9,2401.5,2392.2,2397.2,42059.0,0.0,2385.228,2384.193,2396.497
2024-07-05 20:00:00+00:00,2397.2,2400.1,2396.7,2399.8,2830.0,0.0,2393.894,2392.567,2386.063
2024-07-07 20:00:00+00:00,2396.2,2398.4,2393.0,2394.2,4289.0,0.0,2399.329,2397.161,2387.788
2024-07-08 00:00:00+00:00,2394.3,2399.3,2388.8,2390.6,15591.0,0.0,2398.359,2395.554,2396.984
2024-07-08 04:00:00+00:00,2391.2,2394.7,2384.7,2385.8,17295.0,0.0,2394.014,2391.82,2387.851
2024-07-08 08:00:00+00:00,2385.8,2386.8,2376.1,2383.2,29105.0,0.0,2387.454,2387.1,2385.611
2024-07-08 12:00:00+00:00,2383.1,2387.4,2358.3,2362.9,103621.0,0.0,2381.771,2383.359,2378.088
2024-07-08 16:00:00+00:00,2362.8,2367.4,2358.3,2366.8,45339.0,0.0,2369.939,2370.894,2381.805
2024-07-08 20:00:00+00:00,2366.8,2369.3,2365.4,2368.8,2805.0,0.0,2362.279,2365.926,2370.598
2024-07-09 00:00:00+00:00,2369.0,2374.8,2367.4,2374.4,15472.0,0.0,2361.216,2366.163,2377.842
2024-07-09 04:00:00+00:00,2374.5,2375.5,2365.1,2365.9,15943.0,0.0,2365.445,2370.248,2376.027
2024-07-09 08:00:00+00:00,2365.9,2372.6,2364.2,2367.7,21575.0,0.0,2366.464,2368.149,2368.038
2024-07-09 12:00:00+00:00,2367.6,2378.3,2356.0,2369.0,126992.0,0.0,2366.247,2367.222,2369.389
2024-07-09 16:00:00+00:00,2369.0,2372.4,2363.1,2370.4,43533.0,0.0,2366.837,2367.761,2345.669
2024-07-09 20:00:00+00:00,2370.5,2372.7,2370.0,2371.5,4282.0,0.0,2368.286,2369.005,2374.963
2024-07-10 00:00:00+00:00,2371.5,2376.8,2369.7,2374.5,12151.0,0.0,2369.45,2370.245,2366.801
2024-07-10 04:00:00+00:00,2374.5,2381.5,2372.9,2379.2,12245.0,0.0,2371.59,2372.45,2373.726
2024-07-10 08:00:00+00:00,2379.1,2385.0,2377.8,2384.9,19407.0,0.0,2375.199,2376.14,2388.737
2024-07-10 12:00:00+00:00,2385.0,2393.4,2380.4,2385.4,63217.0,-1.0,2380.389,2381.103,2382.211
2024-07-10 16:00:00+00:00,2385.5,2387.9,2376.3,2378.4,34251.0,0.0,2383.939,2383.754,2388.831
2024-07-10 20:00:00+00:00,2378.5,2379.0,2376.8,2378.4,2779.0,0.0,2382.33,2380.762,2364.222
2024-07-11 00:00:00+00:00,2378.5,2385.4,2377.1,2383.8,10841.0,0.0,2379.021,2378.428,2379.975
2024-07-11 04:00:00+00:00,2383.9,2388.4,2383.6,2385.1,13812.0,0.0,2378.97,2380.377,2393.668
2024-07-11 08:00:00+00:00,2385.0,2390.0,2384.3,2386.2,28260.0,0.0,2380.83,2382.642,2388.837
2024-07-11 12:00:00+00:00,2386.0,2430.4,2383.1,2423.0,169590.0,0.0,2382.791,2384.288,2383.609
2024-07-11 16:00:00+00:00,2423.0,2425.1,2416.8,2419.8,48004.0,0.0,2399.011,2404.489,2425.11
2024-07-11 20:00:00+00:00,2419.8,2421.7,2416.4,2421.4,7706.0,0.0,2414.058,2414.936,2404.254
2024-07-12 00:00:00+00:00,2421.3,2421.8,2412.1,2414.2,14327.0,0.0,2421.275,2418.776,2408.081
2024-07-12 04:00:00+00:00,2414.1,2415.4,2405.5,2409.4,16971.0,0.0,2419.216,2415.641,2416.572
2024-07-12 08:00:00+00:00,2409.3,2413.6,2403.2,2406.8,19426.0,0.0,2412.245,2410.39,2417.526
2024-07-12 12:00:00+00:00,2406.8,2418.9,2396.1,2416.9,89267.0,0.0,2405.256,2406.16,2409.064
2024-07-12 16:00:00+00:00,2416.9,2423.2,2416.9,2417.7,47877.0,0.0,2405.227,2409.582,2441.214
2024-07-12 20:00:00+00:00,2417.6,2417.7,2415.6,2416.0,2607.0,0.0,2408.107,2412.886,2416.395
2024-07-14 20:00:00+00:00,2419.3,2420.0,2410.1,2413.2,5241.0,0.0,2410.402,2413.554,2418.81
2024-07-15 00:00:00+00:00,2413.2,2416.8,2409.6,2416.4,9678.0,0.0,2409.733,2411.947,2402.441
2024-07-15 04:00:00+00:00,2416.5,2418.7,2406.1,2412.6,16250.0,0.0,2409.849,2412.48,2415.843
2024-07-15 08:00:00+00:00,2412.6,2425.4,2411.5,2423.0,30618.0,0.0,2408.649,2411.108,2411.431
2024-07-15 12:00:00+00:00,2423.2,2442.4,2416.3,2438.2,80756.0,0.0,2411.561,2415.499,2423.876
2024-07-15 16:00:00+00:00,2438.2,2445.0,2424.5,2426.0,44836.0,0.0,2421.459,2426.329,2438.366
2024-07-15 20:00:00+00:00,2426.1,2427.5,2425.5,2427.1,2685.0,0.0,2424.936,2426.196,2417.871
2024-07-16 00:00:00+00:00,2427.1,2436.3,2424.5,2433.6,16123.0,0.0,2423.944,2424.732,2425.239
2024-07-16 04:00:00+00:00,2433.4,2443.9,2429.9,2441.6,24603.0,0.0,2424.974,2427.143,2419.421
2024-07-16 08:00:00+00:00,2441.5,2448.2,2438.2,2444.3,31957.0,0.0,2429.711,2432.946,2437.539
2024-07-16 12:00:00+00:00,2444.1,2470.2,2433.8,2468.1,124487.0,0.0,2434.751,2437.55,2439.527
2024-07-16 16:00:00+00:00,2468.2,2473.6,2462.7,2473.5,35915.0,0.0,2447.064,2451.31,2451.912
2024-07-16 20:00:00+00:00,2473.4,2474.8,2470.8,2473.0,5212.0,1.0,2459.645,2461.999,2473.181
2024-07-17 00:00:00+00:00,2467.8,2487.4,2467.8,2476.6,36239.0,0.97,2466.4,2466.185,2449.242
2024-07-17 04:00:00+00:00,2476.7,2479.2,2466.6,2479.1,25995.0,0.942,2469.077,2468.672,2462.703
2024-07-17 08:00:00+00:00,2479.1,2483.4,2470.8,2474.6,29392.0,0.914,2470.414,2470.711,2465.184
2024-07-17 12:00:00+00:00,2474.6,2488.4,2462.1,2468.0,114240.0,-1.0,2468.684,2469.37,2458.061
2024-07-17 16:00:00+00:00,2468.1,2469.7,2455.5,2462.3,40164.0,-0.97,2463.528,2464.853,2444.331
2024-07-17 20:00:00+00:00,2462.4,2465.5,2461.4,2465.0,3555.0,-0.942,2456.64,2459.292,2466.14
2024-07-18 00:00:00+00:00,2465.0,2472.4,2461.1,2471.7,15490.0,-0.914,2453.535,2457.764,2456.502
2024-07-18 04:00:00+00:00,2471.7,2478.5,2467.8,2475.3,23140.0,-0.887,2455.707,2461.036,2457.834
2024-07-18 08:00:00+00:00,2475.5,2477.1,2464.7,2467.7,23651.0,-0.861,2460.144,2465.223,2462.648
2024-07-18 12:00:00+00:00,2467.9,2473.2,2460.2,2464.4,70082.0,-0.835,2460.39,2463.736,2456.274
2024-07-18 16:00:00+00:00,2464.5,2465.3,2442.9,2445.6,48663.0,-0.811,2457.713,2460.386,2470.265
2024-07-18 20:00:00+00:00,2445.7,2456.4,2443.6,2443.7,5802.0,-0.787,2447.379,2449.259,2435.216
2024-07-19 00:00:00+00:00,2443.8,2443.8,2423.2,2431.7,33384.0,-0.763,2437.519,2441.49,2438.287
2024-07-19 04:00:00+00:00,2431.1,2431.8,2415.3,2420.4,34985.0,-0.741,2427.119,2432.472,2428.82
2024-07-19 08:00:00+00:00,2420.5,2423.9,2410.6,2412.1,31047.0,-0.719,2415.85,2422.268,2427.626
2024-07-19 12:00:00+00:00,2412.2,2412.3,2395.7,2407.3,100804.0,-0.698,2405.758,2413.087,2397.648
2024-07-19 16:00:00+00:00,2407.3,2407.9,2397.3,2400.7,31505.0,-0.677,2398.777,2406.608,2399.245
2024-07-19 20:00:00+00:00,2400.7,2403.3,2399.1,2402.8,3075.0,-0.657,2393.307,2400.744,2406.217
2024-07-21 20:00:00+00:00,2403.7,2413.7,2402.5,2413.3,6593.0,-0.458,2392.015,2399.352,2409.362
2024-07-22 00:00:00+00:00,2413.4,2414.4,2405.1,2408.6,14943.0,-0.445,2397.571,2405.081,2418.3
2024-07-22 04:00:00+00:00,2408.4,2408.8,2400.6,2404.0,22015.0,-0.432,2402.078,2406.563,2413.048
2024-07-22 08:00:00+00:00,2404.1,2410.0,2399.4,2399.6,26941.0,-0.419,2401.825,2404.122,2406.876
2024-07-22 12:00:00+00:00,2399.6,2401.8,2385.2,2387.6,83958.0,-0.407,2398.259,2400.052,2411.413
2024-07-22 16:00:00+00:00,2387.7,2401.7,2387.5,2400.6,37076.0,-0.395,2390.059,2391.577,2386.71
2024-07-22 20:00:00+00:00,2400.5,2401.0,2395.9,2396.7,3588.0,-0.383,2389.037,2393.813,2402.882
2024-07-23 00:00:00+00:00,2396.7,2405.3,2396.4,2399.2,15453.0,-0.372,2390.246,2394.653,2389.133
2024-07-23 04:00:00+00:00,2399.3,2400.6,2389.2,2398.7,23915.0,-0.361,2392.25,2396.122,2388.352
2024-07-23 08:00:00+00:00,2398.9,2413.5,2397.2,2408.9,34021.0,-0.35,2394.0,2396.708,2412.797
2024-07-23 12:00:00+00:00,2409.0,2410.7,2400.5,2406.5,68154.0,-0.34,2399.061,2402.199,2408.596
2024-07-23 16:00:00+00:00,2406.7,2410.2,2403.7,2408.5,21660.0,-0.33,2402.649,2404.271,2398.758
2024-07-23 20:00:00+00:00,2408.5,2411.0,2406.5,2409.3,3101.0,-0.32,2404.485,2405.637,2400.919
2024-07-24 00:00:00+00:00,2409.4,2419.6,2405.7,2417.6,20338.0,-0.31,2405.077,2406.534,2400.322
2024-07-24 04:00:00+00:00,2417.6,2420.3,2412.6,2415.6,18352.0,-0.301,2408.84,2411.182,2404.532
2024-07-24 08:00:00+00:00,2415.6,2418.9,2410.6,2418.5,33299.0,-0.292,2411.192,2412.872,2399.344
2024-07-24 12:00:00+00:00,2418.5,2433.0,2414.4,2425.6,104161.0,-0.284,2412.834,2414.599,2415.087
2024-07-24 16:00:00+00:00,2425.6,2425.7,2398.7,2399.0,56487.0,1.0,2416.498,2419.048,2418.352
2024-07-24 20:00:00+00:00,2399.1,2400.9,2392.8,2398.1,8623.0,0.97,2408.364,2407.796,2413.497
2024-07-25 00:00:00+00:00,2398.3,2399.6,2365.7,2373.8,46416.0,0.942,2397.515,2399.273,2395.711
2024-07-25 04:00:00+00:00,2373.5,2378.1,2365.1,2373.6,37294.0,0.914,2380.848,2383.055,2372.168
2024-07-25 08:00:00+00:00,2373.6,2382.2,2367.3,2367.8,41090.0,0.887,2368.477,2374.124,2367.212
2024-07-25 12:00:00+00:00,2367.7,2377.0,2357.2,2362.5,91816.0,0.861,2361.69,2368.348,2377.679
2024-07-25 16:00:00+00:00,2362.4,2364.7,2351.9,2361.7,52487.0,0.835,2357.425,2363.496,2357.593
2024-07-25 20:00:00+00:00,2361.7,2364.6,2358.6,2362.8,6421.0,0.811,2355.937,2361.198,2366.408
2024-07-26 00:00:00+00:00,2362.8,2378.0,2354.6,2370.3,20618.0,0.787,2357.4,2361.36,2366.132
2024-07-26 04:00:00+00:00,2370.5,2373.8,2363.6,2370.0,18044.0,0.763,2362.267,2366.007,2359.988
2024-07-26 08:00:00+00:00,2370.2,2374.5,2367.9,2371.9,19126.0,0.741,2367.236,2368.727,2371.071
2024-07-26 12:00:00+00:00,2371.8,2389.7,2369.7,2384.2,63465.0,0.719,2370.294,2370.641,2378.974
2024-07-26 16:00:00+00:00,2384.2,2389.5,2380.1,2385.4,23894.0,0.698,2376.909,2378.067,2379.654
2024-07-26 20:00:00+00:00,2385.5,2387.9,2384.6,2385.7,1994.0,0.25,2383.039,2382.891,2383.173
2024-07-28 20:00:00+00:00,2386.9,2402.1,2386.0,2396.0,6050.0,0.174,2385.972,2384.713,2374.961
2024-07-29 00:00:00+00:00,2396.4,2401.3,2387.6,2393.2,11976.0,0.169,2390.518,2390.503,2385.24
2024-07-29 04:00:00+00:00,2393.2,2394.7,2387.1,2390.2,13198.0,0.164,2392.958,2392.222,2398.134
2024-07-29 08:00:00+00:00,2390.1,2393.6,2385.4,2386.4,20326.0,0.159,2391.746,2390.644,2382.703
2024-07-29 12:00:00+00:00,2386.3,2394.5,2367.3,2374.6,45366.0,0.155,2387.699,2387.299,2383.975
2024-07-29 16:00:00+00:00,2374.7,2382.8,2372.2,2380.1,24066.0,0.15,2379.211,2379.127,2373.482
2024-07-29 20:00:00+00:00,2380.2,2381.7,2378.2,2378.2,3026.0,0.146,2374.876,2377.558,2388.042
2024-07-30 00:00:00+00:00,2378.2,2381.7,2373.8,2381.7,1205.0,0.141,2373.619,2376.978,2374.96
2024-07-30 04:00:00+00:00,2382.7,2436.6,2382.5,2435.2,28445.0,0.137,2375.15,2378.785,2379.425
2024-07-30 08:00:00+00:00,2387.4,2437.5,2383.5,2431.9,17812.0,0.133,2399.293,2408.519,2438.465
2024-07-30 12:00:00+00:00,2432.1,2442.9,2380.1,2430.1,57225.0,0.129,2422.562,2424.634,2402.503
2024-07-30 16:00:00+00:00,2430.2,2457.5,2382.3,2452.2,52325.0,0.125,2432.874,2428.683,2445.725
2024-07-30 20:00:00+00:00,2452.2,2458.3,2405.2,2455.0,6885.0,0.122,2442.684,2439.688,2448.459
2024-07-31 00:00:00+00:00,2455.2,2464.3,2402.8,2461.8,21940.0,0.118,2449.897,2447.236,2439.244
2024-07-31 04:00:00+00:00,2461.6,2470.4,2413.0,2462.3,20977.0,0.115,2455.06,2453.328,2450.858
2024-07-31 08:00:00+00:00,2462.1,2468.1,2413.7,2464.3,20823.0,0.111,2456.83,2456.062,2439.632
2024-07-31 12:00:00+00:00,2464.5,2474.2,2416.9,2468.0,45599.0,0.108,2456.865,2457.637,2446.958
2024-07-31 16:00:00+00:00,2468.1,2496.6,2420.6,2495.3,54359.0,0.0,2458.672,2459.996,2465.502
2024-07-31 20:00:00+00:00,2495.4,2496.6,2446.1,2490.5,6097.0,0.0,2470.431,2474.326,2468.6
2024-08-01 00:00:00+00:00,2490.6,2502.8,2452.6,2487.1,27974.0,0.0,2478.809,2480.978,2460.274
2024-08-01 04:00:00+00:00,2487.0,2492.9,2442.0,2484.4,19613.0,0.0,2480.789,2481.104,2465.734
2024-08-01 08:00:00+00:00,2484.4,2487.4,2430.4,2485.0,31782.0,0.0,2478.649,2478.673,2475.938
2024-08-01 12:00:00+00:00,2485.1,2506.6,2442.9,2489.4,90503.0,-1.0,2476.372,2477.273,2469.16
2024-08-01 16:00:00+00:00,2489.3,2492.8,2434.8,2487.4,37329.0,0.5,2476.478,2478.814,2467.482
2024-08-01 20:00:00+00:00,2487.3,2492.0,2441.8,2489.9,3810.0,1.0,2476.297,2479.128,2478.224
2024-08-02 00:00:00+00:00,2490.0,2503.8,2436.8,2498.7,29504.0,0.97,2476.856,2480.211,2467.426
2024-08-02 04:00:00+00:00,2498.8,2513.4,2458.5,2505.8,24868.0,0.942,2481.619,2485.084,2501.771
2024-08-02 08:00:00+00:00,2505.7,2509.9,2458.7,2503.5,22028.0,0.914,2488.34,2491.447,2484.142
2024-08-02 12:00:00+00:00,2503.3,2522.5,2416.0,2476.1,168886.0,0.887,2491.953,2493.728,2486.602
2024-08-02 16:00:00+00:00,2475.7,2482.4,2425.4,2480.0,42658.0,0.861,2482.008,2481.239,2451.528
2024-08-02 20:00:00+00:00,2480.0,2486.6,2440.2,2486.1,3854.0,1.0,2472.964,2474.071,2452.95
2024-08-04 20:00:00+00:00,2490.3,2490.4,2442.0,2483.1,7826.0,0.698,2470.942,2474.575,2462.131
2024-08-05 00:00:00+00:00,2483.2,2494.5,2418.9,2493.6,42296.0,0.677,2470.384,2474.789,2476.341
2024-08-05 04:00:00+00:00,2493.0,2500.8,2426.0,2473.2,54858.0,0.657,2474.56,2479.8,2477.508
2024-08-05 08:00:00+00:00,2473.3,2475.8,2400.0,2426.8,72831.0,0.638,2470.792,2473.53,2450.206
2024-08-05 12:00:00+00:00,2426.9,2452.8,2367.4,2443.3,118588.0,0.619,2446.016,2445.822,2421.734
2024-08-05 16:00:00+00:00,2443.3,2454.7,2406.4,2449.0,29414.0,0.6,2431.203,2436.383,2442.301
2024-08-05 20:00:00+00:00,2449.3,2453.8,2445.4,2445.9,4189.0,0.583,2429.345,2438.334,2435.82
2024-08-06 00:00:00+00:00,2446.0,2459.5,2414.5,2449.4,18467.0,0.0,2431.096,2439.776,2439.088
2024-08-06 04:00:00+00:00,2449.5,2453.4,2399.6,2450.5,29142.0,0.0,2434.737,2442.19,2439.183
2024-08-06 08:00:00+00:00,2450.6,2457.1,2412.9,2451.7,21538.0,0.0,2438.566,2444.173,2444.363
2024-08-06 12:00:00+00:00,2451.7,2452.9,2380.0,2428.4,78692.0,0.0,2442.052,2445.696,2451.642
2024-08-06 16:00:00+00:00,2428.5,2437.1,2385.3,2428.8,25890.0,0.0,2433.798,2434.666,2425.208
2024-08-06 20:00:00+00:00,2429.0,2433.1,2387.4,2424.3,4955.0,0.0,2423.658,2427.26,2410.969
2024-08-07 00:00:00+00:00,2424.2,2428.6,2418.8,2425.4,23186.0,0.0,2416.911,2422.279,2413.071
2024-08-07 04:00:00+00:00,2426.0,2437.6,2386.5,2429.3,21573.0,0.0,2414.425,2420.934,2421.993
2024-08-07 08:00:00+00:00,2429.2,2442.7,2391.0,2441.4,22421.0,0.0,2416.168,2422.991,2425.637
2024-08-07 12:00:00+00:00,2441.4,2447.3,2397.1,2434.8,50915.0,0.0,2424.117,2430.766,2429.866
2024-08-07 16:00:00+00:00,2434.7,2440.1,2384.5,2425.6,32382.0,0.0,2428.542,2432.087,2422.348
2024-08-07 20:00:00+00:00,2425.7,2427.4,2420.2,2423.8,5743.0,0.0,2425.597,2426.893,2417.293
2024-08-08 00:00:00+00:00,2423.9,2433.8,2384.3,2433.0,15510.0,0.0,2420.074,2422.363,2422.245
2024-08-08 04:00:00+00:00,2433.3,2439.7,2431.2,2435.6,16442.0,0.0,2420.551,2425.08,2427.418
2024-08-08 08:00:00+00:00,2435.5,2453.1,2397.7,2451.7,28382.0,0.0,2424.118,2428.923,2431.798
2024-08-08 12:00:00+00:00,2451.7,2464.0,2403.5,2458.1,77663.0,0.0,2433.677,2439.015,2436.996
2024-08-08 16:00:00+00:00,2458.0,2465.8,2419.5,2463.1,29689.0,0.0,2444.364,2448.025,2459.677
2024-08-08 20:00:00+00:00,2463.2,2467.9,2462.2,2463.8,3917.0,0.0,2452.962,2454.506,2455.554
2024-08-09 00:00:00+00:00,2464.1,2468.7,2422.3,2460.8,12951.0,0.0,2457.183,2457.405,2472.619
2024-08-09 04:00:00+00:00,2460.5,2466.2,2418.5,2462.3,15310.0,0.0,2456.563,2456.596,2447.206
2024-08-09 08:00:00+00:00,2462.4,2472.2,2420.9,2465.9,23613.0,0.0,2454.916,2456.209,2448.499
2024-08-09 12:00:00+00:00,2465.9,2475.5,2420.1,2470.6,66919.0,0.0,2455.172,2457.826,2447.192
2024-08-09 16:00:00+00:00,2470.8,2476.5,2425.9,2468.6,24284.0,0.0,2457.591,2461.201,2458.411
2024-08-09 20:00:00+00:00,2468.6,2470.7,2429.2,2470.6,1992.0,0.0,2459.027,2462.157,2458.931
2024-08-11 20:00:00+00:00,2470.1,2472.3,2466.0,2466.8,3758.0,0.0,2460.088,2463.12,2453.596
2024-08-12 00:00:00+00:00,2466.8,2469.2,2462.7,2467.7,9215.0,0.0,2459.146,2461.748,2465.757
2024-08-12 04:00:00+00:00,2467.6,2482.4,2432.0,2480.9,17493.0,0.0,2458.105,2461.069,2463.662
2024-08-12 08:00:00+00:00,2481.1,2484.3,2437.7,2480.7,28236.0,0.0,2462.888,2467.246,2468.556
2024-08-12 12:00:00+00:00,2480.7,2500.3,2440.8,2499.3,66278.0,0.0,2467.728,2471.359,2462.059
2024-08-12 16:00:00+00:00,2499.3,2512.4,2461.0,2510.6,37403.0,1.0,2477.748,2481.769,2495.448
2024-08-12 20:00:00+00:00,2510.7,2516.6,2469.6,2515.6,5087.0,0.97,2490.193,2493.244,2488.824
2024-08-13 00:00:00+00:00,2515.6,2517.3,2461.0,2503.5,19600.0,0.942,2499.939,2501.239,2481.641
2024-08-13 04:00:00+00:00,2503.9,2505.9,2458.6,2503.8,18246.0,0.914,2500.153,2498.894,2467.254
2024-08-13 08:00:00+00:00,2503.9,2506.4,2456.5,2505.3,21197.0,0.0,2497.033,2495.859,2474.097
2024-08-13 12:00:00+00:00,2505.3,2515.6,2463.2,2508.3,58470.0,1.0,2494.769,2494.922,2503.616
2024-08-13 16:00:00+00:00,2508.3,2510.8,2466.8,2506.9,21210.0,0.97,2494.783,2496.201,2487.106
2024-08-13 20:00:00+00:00,2506.8,2507.5,2465.3,2503.6,3760.0,0.942,2494.501,2496.556,2476.781
2024-08-14 00:00:00+00:00,2503.7,2512.2,2494.5,2500.1,18089.0,0.914,2493.159,2495.05,2504.23
2024-08-14 04:00:00+00:00,2500.0,2510.8,2468.0,2509.7,14566.0,0.887,2490.731,2492.349,2475.534
2024-08-14 08:00:00+00:00,2509.8,2517.9,2507.7,2513.8,22197.0,0.861,2492.81,2495.238,2492.74
2024-08-14 12:00:00+00:00,2513.8,2519.7,2445.2,2482.6,91461.0,0.835,2496.891,2499.602,2490.16
2024-08-14 16:00:00+00:00,2482.5,2486.8,2445.6,2485.5,29075.0,0.0,2487.577,2487.574,2462.427
2024-08-14 20:00:00+00:00,2485.6,2486.9,2444.7,2486.8,3918.0,0.0,2478.49,2479.768,2476.938
2024-08-15 00:00:00+00:00,2486.9,2491.9,2485.4,2491.1,15398.0,0.0,2474.348,2477.498,2485.042
2024-08-15 04:00:00+00:00,2491.3,2496.4,2451.8,2493.3,16237.0,0.0,2474.928,2479.436,2473.671
2024-08-15 08:00:00+00:00,2493.4,2501.9,2454.0,2501.1,16659.0,0.0,2477.54,2482.206,2475.549
2024-08-15 12:00:00+00:00,2501.3,2508.0,2431.2,2496.1,88804.0,0.0,2482.902,2487.394,2473.92
2024-08-15 16:00:00+00:00,2496.1,2499.4,2453.9,2493.5,20912.0,0.0,2485.5,2488.097,2484.443
2024-08-15 20:00:00+00:00,2493.4,2495.7,2453.5,2494.7,4424.0,0.0,2485.147,2486.367,2459.582
2024-08-16 00:00:00+00:00,2494.8,2497.7,2488.2,2490.0,11371.0,0.0,2483.894,2485.581,2482.284
2024-08-16 04:00:00+00:00,2489.9,2501.9,2451.4,2499.3,19483.0,0.0,2481.325,2483.19,2475.653
2024-08-16 08:00:00+00:00,2499.6,2510.3,2462.2,2510.0,25681.0,0.0,2482.889,2486.047,2468.513
2024-08-16 12:00:00+00:00,2510.0,2538.7,2481.2,2530.3,112584.0,0.0,2489.593,2493.436,2475.425
2024-08-16 16:00:00+00:00,2530.5,2547.4,2498.3,2546.5,38496.0,0.0,2502.956,2507.178,2515.984
2024-08-16 20:00:00+00:00,2546.5,2548.3,2508.0,2546.1,3416.0,1.0,2519.211,2522.363,2513.601
2024-08-18 20:00:00+00:00,2549.7,2549.9,2502.8,2545.1,5952.0,0.698,2529.491,2529.9,2503.178
2024-08-19 00:00:00+00:00,2545.2,2545.6,2497.7,2541.9,25529.0,0.677,2533.601,2531.741,2499.998
2024-08-19 04:00:00+00:00,2541.9,2543.6,2499.8,2541.2,17880.0,0.657,2533.339,2530.162,2519.631
2024-08-19 08:00:00+00:00,2541.2,2545.8,2487.2,2532.8,26094.0,0.638,2531.323,2528.327,2513.743
2024-08-19 12:00:00+00:00,2532.9,2544.4,2492.2,2542.4,47213.0,0.619,2526.373,2523.62,2498.645
2024-08-19 16:00:00+00:00,2542.6,2545.8,2502.3,2543.9,24366.0,1.0,2525.67,2524.848,2515.497
2024-08-19 20:00:00+00:00,2543.9,2544.2,2503.5,2541.8,3084.0,0.97,2527.26,2527.351,2513.358
2024-08-20 00:00:00+00:00,2541.9,2546.4,2536.5,2539.4,14408.0,0.942,2528.164,2527.915,2499.31
2024-08-20 04:00:00+00:00,2539.5,2553.7,2500.7,2553.2,21422.0,0.914,2527.598,2526.757,2493.239
2024-08-20 08:00:00+00:00,2553.4,2565.5,2552.8,2564.8,33495.0,0.887,2531.916,2531.888,2519.893
2024-08-20 12:00:00+00:00,2565.0,2570.4,2509.3,2546.4,79227.0,0.861,2540.12,2540.746,2524.645
2024-08-20 16:00:00+00:00,2546.6,2553.8,2508.0,2553.2,31043.0,1.0,2539.808,2537.997,2517.353
2024-08-20 20:00:00+00:00,2553.1,2555.3,2550.7,2551.1,2813.0,0.0,2539.347,2537.161,2513.074
2024-08-21 00:00:00+00:00,2551.1,2558.0,2548.8,2555.1,14327.0,0.0,2538.787,2536.333,2530.097
2024-08-21 04:00:00+00:00,2555.3,2557.5,2545.7,2547.3,17543.0,0.0,2539.574,2537.577,2535.414
2024-08-21 08:00:00+00:00,2547.2,2552.0,2511.0,2549.9,21028.0,0.0,2537.524,2535.236,2500.718
2024-08-21 12:00:00+00:00,2550.0,2552.0,2503.9,2546.3,60668.0,0.0,2536.16,2534.416,2500.666
2024-08-21 16:00:00+00:00,2546.2,2557.3,2508.2,2549.5,27388.0,1.0,2534.572,2532.808,2496.531
2024-08-21 20:00:00+00:00,2549.6,2551.3,2547.7,2549.7,2515.0,0.97,2534.754,2533.21,2526.257
2024-08-22 00:00:00+00:00,2549.9,2551.4,2536.4,2539.2,14898.0,0.942,2535.032,2533.877,2518.04
2024-08-22 04:00:00+00:00,2539.2,2547.2,2504.1,2543.3,21079.0,0.914,2531.7,2529.715,2496.851
2024-08-22 08:00:00+00:00,2543.3,2545.3,2533.7,2535.6,21994.0,0.887,2529.937,2528.403,2496.468
2024-08-22 12:00:00+00:00,2535.7,2541.9,2471.1,2517.9,85486.0,0.861,2526.714,2524.99,2507.351
2024-08-22 16:00:00+00:00,2518.0,2522.1,2479.8,2518.4,23344.0,0.835,2517.358,2514.938,2498.53
2024-08-22 20:00:00+00:00,2518.6,2523.0,2518.0,2522.9,3357.0,0.811,2509.848,2508.743,2496.8
2024-08-23 00:00:00+00:00,2522.9,2529.2,2486.5,2528.5,14659.0,0.787,2507.513,2508.49,2495.019
2024-08-23 04:00:00+00:00,2528.6,2531.3,2526.0,2528.9,15485.0,0.763,2509.791,2512.053,2491.212
2024-08-23 08:00:00+00:00,2528.8,2538.0,2528.4,2537.1,20879.0,0.741,2512.731,2514.752,2508.243
2024-08-23 12:00:00+00:00,2537.0,2554.5,2492.9,2545.7,78119.0,0.719,2517.734,2519.594,2511.405
2024-08-23 16:00:00+00:00,2546.0,2549.0,2506.8,2546.6,26933.0,0.698,2525.034,2526.29,2514.815
2024-08-23 20:00:00+00:00,2546.4,2548.7,2545.3,2548.7,2906.0,1.0,2530.429,2530.376,2514.648
2024-08-25 20:00:00+00:00,2545.1,2552.1,2509.9,2551.3,4115.0,0.698,2533.642,2532.791,2521.95
2024-08-26 00:00:00+00:00,2551.2,2552.3,2509.1,2545.2,11816.0,0.677,2536.112,2534.832,2525.851
2024-08-26 04:00:00+00:00,2545.1,2557.3,2516.9,2556.9,18576.0,0.657,2535.296,2533.133,2510.022
2024-08-26 08:00:00+00:00,2557.0,2562.5,2519.8,2562.1,22043.0,0.638,2537.918,2536.57,2521.503
2024-08-26 12:00:00+00:00,2562.2,2563.2,2509.7,2551.7,45999.0,1.0,2542.29,2541.586,2549.108
2024-08-26 16:00:00+00:00,2551.7,2559.4,2549.3,2553.7,20915.0,0.97,2541.878,2539.947,2515.73
2024-08-26 20:00:00+00:00,2553.9,2554.8,2550.5,2550.7,1954.0,0.942,2541.029,2538.62,2516.628
2024-08-27 00:00:00+00:00,2550.8,2552.0,2540.9,2544.1,14250.0,0.914,2539.402,2536.761,2533.832
2024-08-27 04:00:00+00:00,2544.3,2552.7,2515.2,2540.0,22169.0,0.887,2535.72,2532.819,2508.73
2024-08-27 08:00:00+00:00,2539.9,2549.0,2538.5,2546.6,20857.0,0.861,2531.228,2528.583,2513.885
2024-08-27 12:00:00+00:00,2546.5,2556.7,2506.9,2547.5,50323.0,0.835,2530.334,2529.25,2519.025
2024-08-27 16:00:00+00:00,2547.3,2561.4,2511.1,2560.4,30599.0,0.0,2531.402,2531.002,2522.602
2024-08-27 20:00:00+00:00,2560.4,2564.3,2522.8,2560.5,6604.0,0.0,2537.21,2537.673,2515.827
2024-08-28 00:00:00+00:00,2560.7,2561.1,2548.5,2551.0,15193.0,0.0,2542.121,2542.074,2506.859
2024-08-28 04:00:00+00:00,2550.9,2552.9,2537.9,2544.8,26921.0,0.0,2541.804,2539.772,2513.025
2024-08-28 08:00:00+00:00,2544.8,2546.0,2535.2,2536.0,23022.0,0.0,2538.003,2534.576,2497.814
2024-08-28 12:00:00+00:00,2536.2,2545.5,2527.8,2540.8,59820.0,-1.0,2531.364,2527.516,2508.918
2024-08-28 16:00:00+00:00,2540.8,2544.0,2530.8,2542.0,26484.0,-0.97,2527.816,2525.619,2528.599
2024-08-28 20:00:00+00:00,2542.1,2543.1,2537.3,2541.3,3977.0,-0.942,2526.938,2526.242,2513.981
2024-08-29 00:00:00+00:00,2541.3,2549.9,2541.2,2549.9,10428.0,-0.914,2526.718,2526.718,2507.967
2024-08-29 04:00:00+00:00,2549.7,2554.5,2546.9,2552.2,18405.0,-0.887,2530.208,2530.727,2538.006
2024-08-29 08:00:00+00:00,2552.3,2557.8,2548.2,2553.3,24981.0,-0.861,2534.416,2534.48,2516.566
2024-08-29 12:00:00+00:00,2553.2,2559.1,2536.5,2556.1,65190.0,-0.835,2537.518,2536.777,2504.06
2024-08-29 16:00:00+00:00,2556.1,2562.2,2550.6,2554.4,29900.0,-0.811,2540.169,2538.867,2519.509
2024-08-29 20:00:00+00:00,2554.5,2555.6,2551.9,2552.6,2906.0,-0.787,2541.02,2539.152,2510.287
2024-08-30 00:00:00+00:00,2552.6,2553.6,2545.8,2547.1,13687.0,-0.763,2540.515,2538.158,2516.032
2024-08-30 04:00:00+00:00,2546.9,2557.6,2545.7,2552.5,24016.0,-0.741,2537.809,2535.011,2515.836
2024-08-30 08:00:00+00:00,2552.5,2560.1,2548.1,2552.7,23613.0,-0.719,2537.248,2535.292,2530.939
2024-08-30 12:00:00+00:00,2552.6,2558.1,2533.0,2535.3,63009.0,1.0,2537.713,2536.24,2516.363
2024-08-30 16:00:00+00:00,2535.2,2538.8,2526.6,2534.7,38767.0,0.97,2531.97,2529.263,2485.434
2024-08-30 20:00:00+00:00,2534.8,2536.1,2534.4,2536.0,2317.0,0.0,2526.237,2523.818,2485.081
2024-09-01 20:00:00+00:00,2536.0,2536.8,2531.6,2535.1,3349.0,0.0,2523.312,2522.012,2504.745
2024-09-02 00:00:00+00:00,2535.1,2537.2,2522.1,2528.4,13782.0,0.0,2521.822,2521.41,2527.294
2024-09-03 04:00:00+00:00,2526.4,2533.7,2524.4,2532.9,18699.0,0.0,2518.727,2518.359,2499.251
2024-09-03 08:00:00+00:00,2533.0,2538.5,2516.3,2521.5,40452.0,0.0,2517.953,2518.341,2512.936
2024-09-03 12:00:00+00:00,2521.2,2534.2,2504.4,2520.0,99747.0,0.0,2514.251,2513.913,2495.266
2024-09-03 16:00:00+00:00,2520.1,2526.0,2515.3,2523.6,19474.0,1.0,2510.42,2510.109,2505.232
2024-09-03 20:00:00+00:00,2523.5,2526.2,2522.9,2524.7,2521.0,-1.0,2509.189,2509.965,2488.088
2024-09-04 00:00:00+00:00,2524.7,2528.4,2522.4,2526.6,9728.0,-0.97,2509.768,2511.127,2517.599
2024-09-04 04:00:00+00:00,2526.4,2528.0,2512.8,2513.2,17141.0,-0.942,2511.38,2512.808,2498.808
2024-09-04 08:00:00+00:00,2513.1,2522.3,2502.7,2520.2,37793.0,-0.914,2507.651,2507.724,2484.884
2024-09-04 12:00:00+00:00,2520.2,2531.5,2512.8,2525.2,69864.0,-0.887,2506.282,2507.01,2497.513
2024-09-04 16:00:00+00:00,2525.1,2529.3,2522.5,2524.3,20934.0,-0.861,2508.515,2509.843,2501.97
2024-09-04 20:00:00+00:00,2524.2,2528.0,2523.8,2526.0,3393.0,-0.835,2510.209,2511.476,2502.196
2024-09-05 00:00:00+00:00,2526.0,2529.6,2524.5,2524.8,7799.0,-0.811,2511.705,2512.812,2503.142
2024-09-05 04:00:00+00:00,2524.7,2537.4,2523.7,2536.5,19079.0,-0.787,2512.32,2512.913,2496.782
2024-09-05 08:00:00+00:00,2536.5,2548.7,2536.1,2545.4,28886.0,-0.763,2516.861,2517.958,2502.612
2024-09-05 12:00:00+00:00,2545.5,2554.0,2533.7,2537.4,69619.0,1.0,2524.213,2525.388,2529.241
2024-09-05 16:00:00+00:00,2537.4,2547.4,2536.3,2545.2,17004.0,-1.0,2526.218,2525.978,2512.83
2024-09-05 20:00:00+00:00,2545.3,2547.9,2545.1,2547.2,2904.0,-0.97,2528.894,2528.364,2510.524
2024-09-06 00:00:00+00:00,2547.3,2548.2,2542.8,2547.7,7019.0,-0.942,2531.718,2530.845,2508.193
2024-09-06 04:00:00+00:00,2547.9,2551.9,2546.4,2546.5,13801.0,-0.914,2533.486,2532.282,2532.217
2024-09-06 08:00:00+00:00,2546.5,2550.3,2544.6,2546.2,13051.0,-0.887,2533.788,2532.261,2517.014
2024-09-06 12:00:00+00:00,2546.1,2559.8,2529.9,2534.9,125293.0,-0.861,2533.329,2531.817,2528.428
2024-09-06 16:00:00+00:00,2534.8,2535.4,2513.9,2525.4,56037.0,-0.835,2528.93,2526.584,2523.539
2024-09-06 20:00:00+00:00,2525.2,2527.3,2524.2,2526.8,2026.0,-0.811,2521.475,2518.746,2487.917
2024-09-08 20:00:00+00:00,2526.5,2527.5,2524.6,2526.0,4649.0,-0.566,2516.116,2514.871,2501.906
2024-09-09 00:00:00+00:00,2526.1,2529.5,2523.7,2528.2,11324.0,-0.549,2513.27,2513.393,2487.825
2024-09-09 04:00:00+00:00,2528.1,2528.5,2514.2,2523.5,25671.0,-0.533,2512.948,2514.089,2505.36
2024-09-09 08:00:00+00:00,2523.5,2528.3,2519.2,2526.4,23139.0,-0.517,2511.802,2512.78,2494.51
2024-09-09 12:00:00+00:00,2526.5,2534.7,2522.2,2528.3,45380.0,-0.502,2512.025,2513.045,2506.897
2024-09-09 16:00:00+00:00,2528.4,2535.8,2528.4,2535.1,24353.0,-0.487,2513.538,2514.381,2514.085
2024-09-09 20:00:00+00:00,2535.1,2536.5,2534.4,2535.6,3680.0,-0.472,2517.22,2518.272,2517.922
2024-09-10 00:00:00+00:00,2535.7,2536.3,2530.4,2531.3,7729.0,-0.458,2520.247,2520.933,2499.311
2024-09-10 04:00:00+00:00,2531.4,2536.2,2529.6,2531.8,14129.0,-0.445,2520.402,2520.111,2491.364
2024-09-10 08:00:00+00:00,2531.7,2538.7,2528.9,2533.5,30489.0,-0.432,2519.843,2519.238,2501.59
2024-09-10 12:00:00+00:00,2533.5,2547.5,2529.7,2541.6,62469.0,-0.419,2520.03,2519.562,2513.68
2024-09-10 16:00:00+00:00,2541.7,2546.6,2539.6,2546.4,31868.0,-0.407,2523.153,2523.52,2511.336
2024-09-10 20:00:00+00:00,2546.3,2547.8,2544.9,2547.6,2964.0,-0.395,2527.722,2528.326,2494.954
2024-09-11 00:00:00+00:00,2547.5,2552.0,2543.6,2548.2,13729.0,-0.383,2531.349,2531.415,2517.332
2024-09-11 04:00:00+00:00,2548.3,2558.0,2547.3,2550.6,24518.0,-0.372,2533.72,2532.909,2507.074
2024-09-11 08:00:00+00:00,2550.6,2556.2,2548.8,2551.0,23103.0,-0.361,2535.732,2534.396,2512.675
2024-09-11 12:00:00+00:00,2551.0,2553.5,2529.0,2543.6,89781.0,-0.35,2536.925,2535.308,2514.11
2024-09-11 16:00:00+00:00,2543.5,2549.0,2538.3,2541.5,33743.0,-0.34,2534.742,2532.425,2531.183
2024-09-11 20:00:00+00:00,2541.6,2542.4,2539.5,2539.6,2629.0,-0.33,2531.542,2529.261,2525.941
2024-09-12 00:00:00+00:00,2539.6,2543.9,2538.7,2543.6,5959.0,-0.32,2528.658,2526.794,2519.0
2024-09-12 04:00:00+00:00,2543.8,2550.0,2542.2,2543.8,13408.0,-0.31,2528.329,2527.425,2520.079
2024-09-12 08:00:00+00:00,2543.8,2549.0,2540.9,2547.4,27415.0,-0.301,2528.885,2528.449,2529.574
2024-09-12 12:00:00+00:00,2547.6,2583.6,2546.5,2581.7,127938.0,-0.292,2530.76,2530.606,2491.727
2024-09-12 16:00:00+00:00,2581.8,2587.7,2573.4,2586.2,42038.0,-0.284,2544.49,2546.711,2511.146
2024-09-12 20:00:00+00:00,2586.2,2588.5,2585.0,2586.8,5523.0,-0.275,2557.824,2559.472,2527.798
2024-09-13 00:00:00+00:00,2586.8,2598.3,2585.1,2595.8,18168.0,1.0,2565.973,2565.476,2525.641
2024-09-13 04:00:00+00:00,2596.1,2599.2,2591.4,2597.7,20321.0,0.97,2572.894,2570.98,2550.784
2024-09-13 08:00:00+00:00,2597.8,2601.0,2591.4,2595.0,23997.0,1.0,2577.69,2574.55,2537.041
2024-09-13 12:00:00+00:00,2595.2,2611.7,2593.8,2610.3,64620.0,0.97,2579.354,2574.885,2562.885
2024-09-13 16:00:00+00:00,2610.4,2614.6,2606.8,2611.0,29096.0,1.0,2583.996,2580.518,2572.792
2024-09-13 20:00:00+00:00,2610.8,2611.2,2605.7,2606.2,3150.0,1.0,2587.81,2584.865,2562.979
2024-09-15 20:00:00+00:00,2608.0,2608.7,2605.5,2607.0,4651.0,0.698,2589.099,2584.972,2573.029
2024-09-16 00:00:00+00:00,2606.9,2616.6,2606.8,2614.2,9480.0,0.677,2589.488,2584.448,2561.54
2024-09-16 04:00:00+00:00,2614.2,2617.4,2607.2,2609.8,17396.0,0.657,2591.57,2586.922,2562.343
2024-09-16 08:00:00+00:00,2609.9,2616.2,2602.5,2610.5,23916.0,1.0,2592.148,2587.134,2561.063
2024-09-16 12:00:00+00:00,2610.6,2616.8,2603.7,2607.4,46074.0,0.97,2592.253,2586.993,2547.805
2024-09-16 16:00:00+00:00,2607.5,2611.7,2607.1,2609.9,15145.0,0.942,2591.229,2585.636,2567.463
2024-09-16 20:00:00+00:00,2609.9,2611.0,2609.2,2610.8,2297.0,0.914,2591.207,2585.67,2542.79
2024-09-17 00:00:00+00:00,2610.7,2612.7,2604.1,2604.2,11649.0,0.887,2591.638,2586.337,2562.762
2024-09-17 04:00:00+00:00,2604.4,2613.7,2601.2,2610.7,16453.0,0.861,2590.017,2584.184,2575.297
2024-09-17 08:00:00+00:00,2610.7,2611.0,2596.9,2606.9,33211.0,0.835,2590.311,2585.012,2531.071
2024-09-17 12:00:00+00:00,2607.1,2609.5,2588.4,2592.4,62349.0,0.811,2590.016,2584.628,2557.31
2024-09-17 16:00:00+00:00,2592.5,2598.4,2587.3,2595.4,25800.0,0.787,2585.341,2578.327,2556.487
2024-09-17 20:00:00+00:00,2595.4,2600.6,2594.9,2600.3,3184.0,0.763,2581.982,2574.922,2539.945
2024-09-18 00:00:00+00:00,2600.2,2602.9,2596.4,2602.0,12870.0,0.741,2581.464,2575.763,2538.399
2024-09-18 04:00:00+00:00,2602.2,2602.8,2591.9,2597.8,15377.0,-1.0,2582.316,2577.755,2555.816
2024-09-18 08:00:00+00:00,2597.9,2607.3,2594.3,2604.0,20636.0,-0.97,2581.966,2577.327,2554.285
2024-09-18 12:00:00+00:00,2604.1,2605.4,2594.5,2596.5,33909.0,0.5,2583.27,2579.08,2558.513
2024-09-18 16:00:00+00:00,2596.6,2627.2,2572.5,2575.0,134492.0,0.0,2582.593,2577.514,2546.145
2024-09-18 20:00:00+00:00,2574.8,2586.7,2574.2,2584.1,9223.0,0.0,2575.058,2567.21,2543.998
2024-09-19 00:00:00+00:00,2584.2,2591.6,2575.3,2588.9,21376.0,0.0,2570.74,2563.614,2538.19
2024-09-19 04:00:00+00:00,2588.8,2610.0,2584.0,2609.3,32480.0,0.0,2570.271,2565.214,2532.942
2024-09-19 08:00:00+00:00,2610.0,2620.5,2606.4,2614.7,35641.0,0.0,2577.149,2575.346,2567.057
2024-09-19 12:00:00+00:00,2614.6,2616.5,2594.3,2614.6,73601.0,0.0,2585.065,2584.524,2556.215
2024-09-19 16:00:00+00:00,2614.8,2618.2,2610.8,2613.3,26268.0,0.5,2590.515,2589.071,2566.69
2024-09-19 20:00:00+00:00,2613.3,2614.6,2610.9,2611.8,3535.0,0.485,2593.564,2590.069,2573.451
2024-09-20 00:00:00+00:00,2611.8,2618.7,2608.7,2616.9,12703.0,0.471,2594.609,2589.292,2559.208
2024-09-20 04:00:00+00:00,2616.5,2635.1,2616.5,2632.3,30922.0,0.457,2595.841,2590.478,2577.61
2024-09-20 08:00:00+00:00,2632.3,2640.7,2627.4,2639.1,29678.0,0.443,2600.958,2597.544,2577.12
2024-09-20 12:00:00+00:00,2639.0,2648.6,2627.5,2648.3,85258.0,0.43,2606.908,2605.126,2586.857
2024-09-20 16:00:00+00:00,2648.3,2651.0,2642.9,2646.1,34821.0,0.418,2613.657,2612.766,2556.569
2024-09-20 20:00:00+00:00,2646.1,2647.7,2644.0,2647.1,2659.0,0.405,2617.866,2616.086,2583.008
2024-09-22 20:00:00+00:00,2646.2,2647.8,2643.1,2644.8,2498.0,0.283,2620.469,2617.346,2584.064
2024-09-23 00:00:00+00:00,2644.6,2655.9,2640.7,2653.0,17226.0,0.274,2621.284,2616.769,2564.773
2024-09-23 04:00:00+00:00,2653.1,2656.1,2638.6,2640.0,21509.0,0.266,2623.287,2619.104,2594.164
2024-09-23 08:00:00+00:00,2639.9,2650.5,2639.5,2649.0,24387.0,0.258,2621.625,2616.183,2591.335
2024-09-23 12:00:00+00:00,2648.9,2659.8,2644.5,2654.1,66240.0,0.251,2621.928,2616.757,2568.786
2024-09-23 16:00:00+00:00,2654.0,2655.7,2650.4,2651.0,26642.0,1.0,2623.758,2619.798,2567.505
2024-09-23 20:00:00+00:00,2651.1,2653.8,2650.5,2651.1,2368.0,1.0,2624.663,2620.814,2579.57
2024-09-24 00:00:00+00:00,2651.0,2660.9,2648.5,2659.1,15247.0,0.0,2625.089,2620.929,2579.227
2024-09-24 04:00:00+00:00,2658.8,2664.6,2647.1,2653.6,32196.0,0.0,2627.214,2623.785,2566.126
2024-09-24 08:00:00+00:00,2653.5,2661.0,2647.9,2651.1,29114.0,0.0,2627.714,2623.94,2583.505
2024-09-24 12:00:00+00:00,2651.1,2673.7,2648.0,2667.8,75455.0,0.0,2627.235,2622.484,2598.326
2024-09-24 16:00:00+00:00,2667.9,2689.4,2667.1,2687.7,48064.0,0.0,2630.397,2627.46,2602.558
2024-09-24 20:00:00+00:00,2687.7,2688.8,2681.3,2682.9,7058.0,1.0,2637.824,2638.804,2607.738
2024-09-25 00:00:00+00:00,2682.9,2694.9,2679.8,2685.5,22985.0,0.97,2642.624,2644.649,2603.328
2024-09-25 04:00:00+00:00,2685.9,2686.2,2674.2,2681.1,22321.0,0.942,2645.977,2647.554,2589.98
2024-09-25 08:00:00+00:00,2681.2,2682.9,2677.0,2681.7,19515.0,0.914,2647.136,2647.088,2601.851
2024-09-25 12:00:00+00:00,2681.6,2691.9,2678.0,2682.1,67373.0,0.0,2647.737,2646.33,2597.5
2024-09-25 16:00:00+00:00,2682.2,2687.3,2673.4,2683.8,43259.0,1.0,2647.912,2645.983,2612.542
2024-09-25 20:00:00+00:00,2683.9,2684.3,2679.6,2679.8,4845.0,1.0,2648.069,2646.454,2592.77
2024-09-26 00:00:00+00:00,2679.9,2685.7,2678.5,2685.3,12602.0,0.97,2647.359,2645.512,2598.339
2024-09-26 04:00:00+00:00,2685.7,2690.0,2681.1,2687.6,17432.0,0.942,2647.975,2646.606,2613.179
2024-09-26 08:00:00+00:00,2687.7,2708.7,2687.6,2705.9,41769.0,0.914,2649.069,2648.487,2596.289
2024-09-26 12:00:00+00:00,2706.0,2707.3,2677.5,2694.2,102366.0,0.0,2653.648,2656.038,2585.377
2024-09-26 16:00:00+00:00,2694.2,2700.9,2685.9,2696.6,29262.0,0.0,2655.055,2657.519,2590.219
2024-09-26 20:00:00+00:00,2696.6,2696.9,2693.7,2694.9,2351.0,0.0,2656.029,2657.756,2606.57
2024-09-27 00:00:00+00:00,2694.9,2696.4,2688.5,2696.1,11851.0,0.0,2656.299,2657.129,2596.303
2024-09-27 04:00:00+00:00,2696.2,2696.3,2683.2,2687.1,22142.0,1.0,2656.584,2656.999,2609.758
2024-09-27 08:00:00+00:00,2687.0,2691.6,2680.6,2688.4,21580.0,0.97,2654.899,2653.924,2633.077
2024-09-27 12:00:00+00:00,2688.4,2696.9,2666.3,2672.0,86801.0,1.0,2653.557,2651.944,2566.075
2024-09-27 16:00:00+00:00,2672.0,2678.5,2665.3,2674.5,37318.0,0.97,2649.305,2645.377,2607.633
2024-09-27 20:00:00+00:00,2674.3,2682.7,2673.6,2680.8,3759.0,0.942,2646.388,2641.483,2621.963
2024-09-29 20:00:00+00:00,2680.5,2686.8,2679.3,2685.3,5591.0,0.657,2645.728,2642.155,2600.307
2024-09-30 00:00:00+00:00,2685.4,2687.7,2668.8,2675.0,17020.0,0.638,2646.648,2645.115,2596.022
2024-09-30 04:00:00+00:00,2675.0,2682.4,2672.3,2672.6,16499.0,0.619,2645.498,2643.598,2617.6
2024-09-30 08:00:00+00:00,2672.6,2678.4,2655.8,2663.2,30733.0,0.6,2643.939,2640.875,2596.832
2024-09-30 12:00:00+00:00,2663.4,2666.0,2650.2,2655.3,50073.0,0.583,2640.773,2635.774,2589.641
2024-09-30 16:00:00+00:00,2655.5,2663.4,2646.2,2652.8,34752.0,0.566,2636.542,2629.528,2587.832
2024-09-30 20:00:00+00:00,2652.9,2657.8,2652.6,2657.2,3339.0,0.549,2632.501,2624.847,2589.985
2024-10-01 00:00:00+00:00,2657.3,2661.5,2655.4,2659.3,7584.0,0.533,2630.607,2624.226,2579.411
2024-10-01 04:00:00+00:00,2659.2,2668.9,2658.7,2667.0,15977.0,0.517,2630.261,2625.544,2590.777
2024-10-01 08:00:00+00:00,2667.1,2673.6,2663.8,2671.8,18959.0,1.0,2632.255,2629.469,2593.242
2024-10-01 12:00:00+00:00,2671.8,2694.0,2669.5,2685.1,97876.0,0.97,2635.229,2633.923,2599.421
2024-10-01 16:00:00+00:00,2685.0,2694.7,2678.9,2679.9,50038.0,0.942,2640.542,2641.248,2590.028
2024-10-01 20:00:00+00:00,2679.9,2685.3,2679.2,2681.2,3472.0,0.914,2643.488,2644.095,2611.184
2024-10-02 00:00:00+00:00,2681.2,2683.2,2676.0,2676.5,9380.0,0.887,2645.334,2645.12,2601.902
2024-10-02 04:00:00+00:00,2676.2,2677.5,2665.4,2676.5,18026.0,0.861,2645.366,2643.696,2597.222
2024-10-02 08:00:00+00:00,2676.6,2676.9,2669.1,2670.6,16724.0,0.835,2645.01,2642.366,2586.745
2024-10-02 12:00:00+00:00,2670.7,2684.8,2662.1,2671.3,58395.0,-0.333,2643.311,2639.558,2595.766
2024-10-02 16:00:00+00:00,2671.2,2680.1,2668.4,2679.8,18565.0,-0.323,2641.938,2637.889,2607.501
2024-10-02 20:00:00+00:00,2679.8,2681.4,2678.8,2680.3,3137.0,-0.314,2642.795,2640.254,2612.002
2024-10-03 00:00:00+00:00,2680.4,2683.4,2673.7,2676.6,9267.0,-0.305,2644.028,2642.656,2580.83
2024-10-03 04:00:00+00:00,2676.2,2677.9,2663.7,2665.5,14591.0,-0.296,2644.174,2642.632,2581.957
2024-10-03 08:00:00+00:00,2665.4,2669.3,2660.8,2668.3,19334.0,-0.287,2641.792,2638.141,2609.141
2024-10-03 12:00:00+00:00,2668.3,2675.9,2657.8,2668.9,61578.0,-0.278,2640.236,2635.644,2598.883
2024-10-03 16:00:00+00:00,2669.2,2682.4,2668.7,2677.9,25743.0,-0.27,2639.401,2634.967,2592.084
2024-10-03 20:00:00+00:00,2677.9,2678.0,2673.9,2675.4,2195.0,-0.262,2640.775,2638.16,2593.47
2024-10-04 00:00:00+00:00,2675.5,2683.6,2675.1,2680.9,6993.0,-0.254,2641.577,2639.891,2601.659
2024-10-04 04:00:00+00:00,2680.8,2687.7,2678.6,2681.0,11786.0,0.0,2643.347,2642.46,2610.644
2024-10-04 08:00:00+00:00,2681.1,2682.6,2676.6,2681.4,12284.0,-1.0,2644.878,2644.152,2619.852
2024-10-04 12:00:00+00:00,2681.3,2690.6,2651.6,2673.4,127647.0,-0.97,2646.02,2645.033,2607.933
2024-10-04 16:00:00+00:00,2673.4,2673.9,2661.8,2671.6,25756.0,-0.942,2644.951,2642.513,2606.238
2024-10-04 20:00:00+00:00,2671.5,2673.8,2669.7,2673.2,2441.0,-0.914,2643.388,2639.706,2593.686
2024-10-06 20:00:00+00:00,2671.7,2672.6,2667.9,2669.6,2691.0,-0.638,2642.453,2638.672,2607.647
2024-10-07 00:00:00+00:00,2669.7,2671.5,2663.0,2666.3,9074.0,-0.619,2641.154,2637.212,2590.768
2024-10-07 04:00:00+00:00,2666.8,2672.5,2659.0,2671.8,14840.0,-0.6,2639.381,2635.073,2629.392
2024-10-07 08:00:00+00:00,2671.6,2679.2,2670.0,2676.6,19637.0,1.0,2639.292,2635.72,2602.808
2024-10-07 12:00:00+00:00,2676.6,2679.1,2657.3,2665.2,59877.0,0.97,2640.637,2638.429,2596.383
2024-10-07 16:00:00+00:00,2665.2,2668.3,2658.8,2662.8,19048.0,0.942,2639.446,2636.287,2584.886
2024-10-07 20:00:00+00:00,2662.7,2668.2,2660.9,2662.1,2982.0,0.914,2637.572,2633.102,2609.829
2024-10-08 00:00:00+00:00,2662.1,2667.3,2652.7,2661.8,23018.0,0.887,2635.97,2630.913,2597.411
2024-10-08 04:00:00+00:00,2662.0,2665.9,2649.6,2652.9,19641.0,0.861,2634.841,2629.814,2575.556
2024-10-08 08:00:00+00:00,2652.9,2672.4,2647.3,2670.0,31321.0,0.0,2632.047,2626.17,2595.239
2024-10-08 12:00:00+00:00,2670.0,2672.4,2623.4,2632.0,104678.0,0.0,2633.571,2629.789,2593.164
2024-10-08 16:00:00+00:00,2632.0,2642.9,2624.0,2641.9,39236.0,0.0,2626.84,2619.52,2584.559
2024-10-08 20:00:00+00:00,2641.9,2642.5,2637.9,2640.7,4055.0,0.0,2622.792,2614.281,2582.851
2024-10-09 00:00:00+00:00,2640.6,2642.9,2633.4,2635.8,13923.0,0.0,2620.093,2612.243,2583.016
2024-10-09 04:00:00+00:00,2635.7,2642.8,2627.6,2630.0,18228.0,0.0,2617.23,2609.908,2581.055
2024-10-09 08:00:00+00:00,2630.0,2641.0,2628.9,2637.5,22775.0,-1.0,2613.72,2606.322,2558.029
2024-10-09 12:00:00+00:00,2637.4,2640.9,2622.8,2633.2,57337.0,0.0,2613.092,2606.961,2561.72
2024-10-09 16:00:00+00:00,2633.3,2634.4,2623.3,2627.5,22591.0,0.0,2612.243,2606.617,2594.5
2024-10-09 20:00:00+00:00,2627.6,2627.9,2624.8,2625.4,2482.0,0.0,2610.514,2604.03,2582.963
2024-10-10 00:00:00+00:00,2625.6,2633.8,2623.1,2628.9,14226.0,0.0,2608.109,2601.273,2550.123
2024-10-10 04:00:00+00:00,2628.9,2634.3,2627.4,2633.9,11272.0,0.0,2607.46,2601.162,2571.849
2024-10-10 08:00:00+00:00,2633.8,2635.9,2628.0,2630.0,15344.0,1.0,2608.714,2603.578,2562.904
2024-10-10 12:00:00+00:00,2630.1,2647.2,2618.8,2640.7,101464.0,0.97,2608.913,2603.901,2573.242
2024-10-10 16:00:00+00:00,2640.8,2648.8,2633.2,2646.5,43502.0,0.942,2611.569,2607.679,2601.362
2024-10-10 20:00:00+00:00,2646.6,2653.2,2645.3,2650.6,7126.0,0.914,2615.582,2612.712,2584.459
2024-10-11 00:00:00+00:00,2650.5,2663.1,2649.5,2662.5,23509.0,0.887,2619.593,2617.196,2593.431
2024-10-11 04:00:00+00:00,2662.8,2664.9,2655.2,2662.6,19932.0,0.861,2625.156,2623.916,2580.962
2024-10-11 08:00:00+00:00,2662.4,2663.3,2653.2,2661.7,19507.0,-1.0,2629.226,2628.116,2592.024
2024-10-11 12:00:00+00:00,2661.6,2676.8,2657.7,2676.3,58436.0,-0.97,2631.528,2629.533,2593.157
2024-10-11 16:00:00+00:00,2676.4,2679.0,2672.1,2672.9,33570.0,-0.942,2636.076,2635.031,2605.459
2024-10-11 20:00:00+00:00,2673.1,2674.5,2671.5,2674.2,1920.0,-0.914,2638.683,2637.755,2575.272
2024-10-13 20:00:00+00:00,2673.1,2673.8,2660.9,2664.7,5962.0,-0.638,2640.418,2639.079,2596.619
2024-10-14 00:00:00+00:00,2664.8,2674.4,2660.0,2672.6,16793.0,-0.619,2639.328,2636.142,2602.418
2024-10-14 04:00:00+00:00,2672.5,2684.2,2672.1,2677.4,18554.0,-0.6,2639.707,2636.399,2564.11
2024-10-14 08:00:00+00:00,2677.4,2680.0,2668.0,2669.2,17976.0,1.0,2641.304,2639.031,2601.694
2024-10-14 12:00:00+00:00,2669.0,2678.3,2660.6,2663.5,44847.0,0.97,2640.768,2638.032,2587.712
2024-10-14 16:00:00+00:00,2663.5,2669.5,2662.6,2669.3,13736.0,0.942,2638.688,2634.582,2590.639
2024-10-14 20:00:00+00:00,2669.3,2670.2,2662.7,2665.8,4342.0,0.914,2638.338,2634.273,2600.889
2024-10-15 00:00:00+00:00,2665.8,2669.3,2660.8,2661.8,12044.0,0.887,2637.62,2633.557,2611.665
2024-10-15 04:00:00+00:00,2662.0,2670.6,2654.4,2667.4,22548.0,-1.0,2636.158,2631.57,2596.042
2024-10-15 08:00:00+00:00,2667.4,2673.3,2662.3,2664.5,19208.0,-1.0,2636.098,2632.195,2621.324
2024-10-15 12:00:00+00:00,2664.5,2682.0,2662.8,2681.3,68694.0,-0.97,2635.787,2632.12,2587.747
2024-10-15 16:00:00+00:00,2681.4,2685.9,2675.6,2678.3,27939.0,-0.942,2639.34,2637.926,2627.726
2024-10-15 20:00:00+00:00,2678.4,2679.9,2676.7,2676.8,2823.0,-0.914,2641.808,2641.376,2607.591
2024-10-16 00:00:00+00:00,2676.7,2686.4,2674.9,2683.4,12736.0,-0.887,2642.997,2642.175,2606.676
2024-10-16 04:00:00+00:00,2683.6,2694.2,2682.0,2692.5,20985.0,-0.861,2645.097,2644.43,2587.257
2024-10-16 08:00:00+00:00,2692.6,2699.4,2689.7,2694.8,26169.0,-1.0,2648.559,2649.234,2637.074
2024-10-16 12:00:00+00:00,2694.7,2702.5,2684.0,2686.3,70705.0,-0.97,2651.562,2653.258,2612.306
2024-10-16 16:00:00+00:00,2686.3,2693.2,2683.1,2691.0,17925.0,-0.942,2651.836,2652.376,2606.044
2024-10-16 20:00:00+00:00,2691.2,2691.4,2688.8,2689.7,1599.0,-0.914,2652.416,2652.415,2597.654
2024-10-17 00:00:00+00:00,2689.8,2700.6,2689.7,2692.5,17524.0,-0.887,2652.714,2652.295,2622.177
2024-10-17 04:00:00+00:00,2692.3,2701.4,2691.9,2697.2,22388.0,-0.861,2653.329,2653.113,2620.186
2024-10-17 08:00:00+00:00,2697.2,2704.2,2692.0,2696.9,24876.0,1.0,2654.628,2655.403,2605.804
2024-10-17 12:00:00+00:00,2697.0,2712.7,2688.2,2709.0,83493.0,0.97,2655.588,2656.925,2626.064
2024-10-17 16:00:00+00:00,2708.9,2709.7,2699.5,2707.2,23814.0,1.0,2658.63,2661.744,2614.697
2024-10-17 20:00:00+00:00,2707.3,2709.5,2706.2,2708.9,2300.0,1.0,2660.766,2664.624,2613.074
2024-10-18 00:00:00+00:00,2708.9,2727.2,2708.1,2725.2,25545.0,0.97,2662.371,2666.342,2615.934
2024-10-18 04:00:00+00:00,2725.1,2729.3,2717.6,2717.6,23159.0,0.942,2666.41,2672.557,2631.181
2024-10-18 08:00:00+00:00,2717.7,2728.5,2716.9,2725.1,25745.0,1.0,2668.129,2674.62,2619.951
2024-10-18 12:00:00+00:00,2725.2,2735.5,2720.2,2730.0,66608.0,0.97,2670.303,2677.273,2623.998
2024-10-18 16:00:00+00:00,2730.0,2736.7,2728.7,2734.9,25408.0,0.942,2672.668,2680.616,2628.163
2024-10-18 20:00:00+00:00,2734.9,2737.8,2734.3,2736.5,3029.0,0.914,2675.102,2684.279,2617.699
2024-10-20 20:00:00+00:00,2736.3,2740.2,2734.6,2738.6,4236.0,0.638,2677.089,2686.997,2640.639
2024-10-21 00:00:00+00:00,2738.7,2747.8,2735.9,2746.7,21146.0,0.619,2678.661,2689.017,2618.707
2024-10-21 04:00:00+00:00,2746.6,2747.4,2738.6,2745.5,17640.0,0.6,2680.957,2692.636,2628.986
2024-10-21 08:00:00+00:00,2745.4,2752.8,2742.7,2749.4,35002.0,1.0,2682.493,2694.775,2649.426
2024-10-21 12:00:00+00:00,2749.5,2755.4,2731.4,2734.8,93172.0,-1.0,2683.981,2696.86,2633.289
2024-10-21 16:00:00+00:00,2734.6,2740.2,2728.5,2734.7,28995.0,1.0,2682.654,2693.504,2631.176
2024-10-21 20:00:00+00:00,2734.7,2737.1,2733.5,2735.8,3167.0,0.0,2681.319,2690.211,2616.371
2024-10-22 00:00:00+00:00,2735.8,2747.5,2735.0,2745.7,14404.0,0.0,2680.49,2688.732,2622.086
2024-10-22 04:00:00+00:00,2745.2,2751.6,2743.5,2747.9,16800.0,0.0,2681.514,2691.427,2632.216
2024-10-22 08:00:00+00:00,2747.7,2753.7,2743.8,2746.5,27108.0,-1.0,2682.792,2694.634,2630.915
2024-10-22 12:00:00+00:00,2746.5,2758.7,2746.0,2752.2,68470.0,-0.97,2683.566,2696.14,2631.992
2024-10-22 16:00:00+00:00,2752.1,2763.2,2751.8,2762.8,31956.0,-0.942,2684.997,2698.422,2650.072
2024-10-22 20:00:00+00:00,2762.8,2763.3,2759.8,2760.6,4455.0,-0.914,2687.794,2703.288,2628.253
2024-10-23 00:00:00+00:00,2760.6,2761.4,2752.1,2760.2,16508.0,-0.887,2689.475,2706.033,2651.349
2024-10-23 04:00:00+00:00,2760.3,2769.7,2759.2,2769.0,19484.0,-0.861,2690.411,2707.003,2653.986
2024-10-23 08:00:00+00:00,2768.9,2772.6,2763.0,2763.9,23213.0,1.0,2692.216,2709.898,2647.466
2024-10-23 12:00:00+00:00,2763.9,2764.5,2722.1,2735.4,111952.0,0.97,2692.804,2710.563,2631.519
2024-10-23 16:00:00+00:00,2735.4,2736.9,2725.4,2729.7,28288.0,0.0,2688.78,2701.582,2640.679
2024-10-23 20:00:00+00:00,2729.7,2734.7,2727.7,2734.0,3558.0,0.0,2684.373,2692.104,2618.973
2024-10-24 00:00:00+00:00,2733.9,2739.9,2730.5,2736.0,14438.0,0.0,2681.722,2687.898,2632.839
2024-10-24 04:00:00+00:00,2736.0,2749.9,2735.8,2746.3,20889.0,0.0,2680.374,2687.316,2622.582
2024-10-24 08:00:00+00:00,2746.4,2752.5,2745.2,2751.2,18208.0,1.0,2681.238,2690.993,2633.711
2024-10-24 12:00:00+00:00,2751.2,2756.3,2735.1,2743.9,75030.0,0.97,2682.971,2695.635,2626.622
2024-10-24 16:00:00+00:00,2744.0,2750.7,2738.6,2749.7,26589.0,0.942,2683.382,2696.253,2681.005
2024-10-24 20:00:00+00:00,2749.8,2749.9,2745.8,2746.0,3031.0,0.914,2684.606,2697.498,2646.26
2024-10-25 00:00:00+00:00,2746.1,2747.8,2737.0,2738.4,11687.0,0.887,2684.853,2697.248,2648.47
2024-10-25 04:00:00+00:00,2738.7,2745.0,2736.5,2739.0,13864.0,0.861,2683.645,2694.34,2626.195
2024-10-25 08:00:00+00:00,2739.1,2741.8,2729.1,2736.6,30658.0,1.0,2682.641,2692.212,2613.662
2024-10-25 12:00:00+00:00,2736.4,2754.4,2735.6,2749.9,53655.0,0.97,2681.488,2690.416,2610.52
2024-10-25 16:00:00+00:00,2749.7,2757.8,2746.7,2755.3,27165.0,0.942,2682.814,2693.654,2626.562
2024-10-25 20:00:00+00:00,2755.3,2760.9,2755.2,2760.8,4616.0,0.914,2684.937,2698.412,2628.062
2024-10-27 20:00:00+00:00,2749.2,2752.5,2742.0,2748.0,9818.0,0.638,2687.373,2703.171,2641.757
2024-10-28 00:00:00+00:00,2747.9,2748.7,2736.9,2742.3,16527.0,0.619,2687.218,2702.008,2632.026
2024-10-28 04:00:00+00:00,2741.9,2756.6,2741.3,2751.4,22412.0,0.6,2685.939,2698.145,2642.178
2024-10-28 08:00:00+00:00,2751.4,2753.4,2740.1,2744.5,28568.0,0.583,2686.237,2698.166,2647.995
2024-10-28 12:00:00+00:00,2744.4,2758.3,2743.5,2753.3,55669.0,-1.0,2685.48,2696.966,2631.477
2024-10-28 16:00:00+00:00,2753.0,2757.5,2752.3,2754.7,19644.0,-0.97,2686.103,2698.635,2657.28
2024-10-28 20:00:00+00:00,2754.9,2756.4,2752.0,2756.2,2582.0,-0.942,2686.921,2700.775,2613.399
2024-10-29 00:00:00+00:00,2756.4,2770.2,2755.3,2763.8,22826.0,-0.914,2687.821,2702.573,2652.291
2024-10-29 04:00:00+00:00,2763.6,2768.8,2761.1,2764.3,13418.0,-0.887,2689.718,2705.91,2680.591
2024-10-29 08:00:00+00:00,2764.5,2768.8,2757.9,2764.0,31118.0,1.0,2691.173,2708.384,2656.497
2024-10-29 12:00:00+00:00,2764.0,2784.0,2760.4,2776.3,87220.0,0.97,2692.05,2709.53,2614.184
2024-10-29 16:00:00+00:00,2776.3,2787.3,2776.2,2784.6,37546.0,1.0,2694.417,2713.67,2647.765
2024-10-29 20:00:00+00:00,2784.6,2788.0,2784.3,2787.3,3582.0,0.97,2697.303,2719.321,2657.844
2024-10-30 00:00:00+00:00,2787.5,2794.4,2787.2,2791.2,17169.0,0.942,2699.728,2723.809,2618.992
2024-10-30 04:00:00+00:00,2791.2,2801.7,2789.4,2794.3,20109.0,0.914,2701.844,2727.344,2627.066
2024-10-30 08:00:00+00:00,2794.3,2798.5,2790.0,2790.3,23479.0,1.0,2703.628,2730.182,2654.911
2024-10-30 12:00:00+00:00,2790.2,2799.5,2782.4,2796.6,86290.0,-1.0,2704.262,2730.6,2674.569
2024-10-30 16:00:00+00:00,2796.4,2801.8,2794.7,2799.0,30533.0,-0.97,2705.362,2732.102,2649.874
2024-10-30 20:00:00+00:00,2799.0,2799.7,2796.1,2796.4,2987.0,-0.942,2706.358,2734.0,2667.87
2024-10-31 00:00:00+00:00,2796.5,2800.8,2794.7,2795.6,12175.0,-0.914,2706.67,2734.492,2647.901
2024-10-31 04:00:00+00:00,2795.8,2797.7,2789.0,2792.8,20386.0,-0.887,2706.704,2734.218,2664.503
2024-10-31 08:00:00+00:00,2792.7,2793.9,2784.0,2790.4,29426.0,-0.861,2706.299,2733.087,2689.194
2024-10-31 12:00:00+00:00,2790.4,2792.9,2742.6,2750.7,120139.0,-0.835,2705.653,2731.513,2654.746
2024-10-31 16:00:00+00:00,2752.2,2760.0,2748.2,2756.6,40867.0,1.0,2699.758,2718.728,2641.941
2024-10-31 20:00:00+00:00,2756.6,2758.4,2753.6,2756.5,3801.0,0.97,2695.794,2709.91,2626.94
2024-11-01 00:00:00+00:00,2756.6,2761.6,2754.5,2761.2,13326.0,0.942,2693.057,2705.758,2625.059
2024-11-01 04:00:00+00:00,2761.4,2766.9,2756.8,2759.5,14538.0,0.914,2691.977,2705.751,2655.066
2024-11-01 08:00:00+00:00,2759.3,2765.2,2754.8,2762.7,20928.0,0.887,2691.2,2706.12,2622.089
2024-11-01 12:00:00+00:00,2762.7,2772.4,2749.4,2754.4,85377.0,-1.0,2691.284,2707.355,2661.794
2024-11-01 16:00:00+00:00,2754.4,2755.8,2742.6,2743.8,30440.0,-0.97,2690.387,2705.763,2628.471
2024-11-01 20:00:00+00:00,2743.9,2746.7,2743.0,2745.9,2988.0,-0.942,2688.231,2700.845,2640.25
2024-11-03 20:00:00+00:00,2743.5,2749.5,2739.4,2747.4,4706.0,0.811,2686.703,2697.766,2618.064
2024-11-04 00:00:00+00:00,2747.6,2751.9,2744.5,2750.3,11373.0,0.787,2685.908,2696.933,2647.354
2024-11-04 04:00:00+00:00,2750.3,2754.0,2744.2,2745.0,14098.0,0.763,2685.874,2697.832,2653.529
2024-11-04 08:00:00+00:00,2745.0,2754.4,2740.7,2749.9,26174.0,0.0,2685.157,2697.076,2646.075
2024-11-04 12:00:00+00:00,2749.7,2757.5,2747.0,2748.0,46965.0,0.0,2685.384,2697.753,2631.596
2024-11-04 16:00:00+00:00,2747.9,2749.2,2741.0,2747.7,30256.0,0.0,2685.458,2697.941,2626.751
2024-11-04 20:00:00+00:00,2747.6,2748.1,2744.8,2744.8,3034.0,0.0,2685.475,2697.804,2640.259
2024-11-05 00:00:00+00:00,2744.8,2745.4,2733.4,2744.1,17427.0,0.0,2684.968,2696.731,2630.314
2024-11-05 04:00:00+00:00,2744.1,2750.2,2740.3,2745.3,13263.0,0.0,2684.43,2695.672,2614.196
2024-11-05 08:00:00+00:00,2745.4,2754.1,2741.0,2750.7,25499.0,0.0,2684.236,2695.444,2612.585
2024-11-05 12:00:00+00:00,2750.9,2759.5,2742.2,2751.4,52098.0,0.0,2685.006,2697.203,2634.886
2024-11-05 16:00:00+00:00,2751.5,2754.0,2745.5,2749.9,32250.0,0.6,2685.744,2698.897,2659.941
2024-11-05 20:00:00+00:00,2750.0,2755.2,2749.1,2754.4,4076.0,0.582,2686.072,2699.392,2623.028
2024-11-06 00:00:00+00:00,2754.5,2758.8,2738.8,2743.0,47804.0,0.565,2686.96,2700.81,2651.977
2024-11-06 04:00:00+00:00,2743.2,2752.5,2709.8,2734.5,62052.0,0.548,2685.888,2698.326,2640.486
2024-11-06 08:00:00+00:00,2734.4,2742.8,2704.4,2707.8,40756.0,0.532,2683.538,2693.221,2612.0
2024-11-06 12:00:00+00:00,2707.6,2716.9,2660.7,2684.6,146579.0,1.0,2677.292,2681.024,2642.012
2024-11-06 16:00:00+00:00,2684.7,2687.0,2670.1,2675.7,44128.0,0.97,2668.113,2664.39,2583.884
2024-11-06 20:00:00+00:00,2675.7,2676.2,2666.5,2671.3,7455.0,0.942,2659.056,2650.611,2610.953
2024-11-07 00:00:00+00:00,2671.3,2671.5,2652.8,2666.2,29504.0,0.914,2651.31,2641.839,2584.642
2024-11-07 04:00:00+00:00,2666.1,2674.7,2659.5,2670.1,21999.0,0.887,2644.735,2636.142,2588.787
2024-11-07 08:00:00+00:00,2670.2,2675.2,2664.3,2673.3,30061.0,0.861,2641.171,2634.973,2581.907
2024-11-07 12:00:00+00:00,2673.2,2707.8,2671.3,2706.1,86550.0,0.835,2640.17,2636.461,2609.152
2024-11-07 16:00:00+00:00,2706.0,2707.8,2694.6,2701.6,76122.0,0.5,2647.279,2649.404,2613.171
2024-11-07 20:00:00+00:00,2701.7,2718.3,2700.0,2714.3,18663.0,0.485,2652.744,2657.519,2600.369
2024-11-08 00:00:00+00:00,2714.2,2717.8,2701.2,2702.4,18982.0,0.471,2658.725,2665.198,2597.258
2024-11-08 04:00:00+00:00,2702.4,2703.4,2687.3,2694.6,20307.0,0.457,2660.641,2665.533,2619.442
2024-11-08 08:00:00+00:00,2694.5,2702.3,2688.9,2699.2,24728.0,0.443,2659.832,2661.427,2609.928
2024-11-08 12:00:00+00:00,2699.3,2711.7,2690.9,2695.1,86192.0,0.0,2659.516,2659.718,2586.248
2024-11-08 16:00:00+00:00,2694.9,2696.8,2690.2,2694.8,47912.0,0.0,2658.366,2657.929,2602.298
2024-11-08 20:00:00+00:00,2694.7,2696.2,2690.4,2691.7,7508.0,0.0,2657.168,2656.722,2614.198
2024-11-10 20:00:00+00:00,2692.1,2693.3,2686.6,2692.6,1938.0,0.719,2655.841,2655.15,2601.273
2024-11-11 00:00:00+00:00,2692.8,2693.4,2673.1,2677.2,20357.0,0.698,2655.018,2654.448,2609.296
2024-11-11 04:00:00+00:00,2677.0,2681.3,2673.5,2676.3,14619.0,0.677,2651.65,2648.935,2605.601
2024-11-11 08:00:00+00:00,2676.3,2682.6,2665.8,2669.2,26946.0,1.0,2648.558,2644.334,2603.543
2024-11-11 12:00:00+00:00,2669.3,2669.9,2619.8,2621.1,126862.0,0.97,2644.84,2639.489,2573.47
2024-11-11 16:00:00+00:00,2621.2,2627.3,2617.1,2625.8,54570.0,0.0,2631.534,2619.169,2565.975
2024-11-11 20:00:00+00:00,2625.9,2632.8,2625.6,2630.2,9013.0,0.0,2620.542,2605.827,2548.0
2024-11-12 00:00:00+00:00,2630.3,2633.4,2624.9,2625.0,14758.0,0.0,2614.003,2601.935,2560.663
2024-11-12 04:00:00+00:00,2624.9,2625.3,2601.7,2604.6,34940.0,0.0,2609.004,2599.818,2579.407
2024-11-12 08:00:00+00:00,2604.8,2612.9,2595.7,2604.1,41523.0,-1.0,2600.538,2591.049,2562.059
2024-11-12 12:00:00+00:00,2604.1,2624.1,2603.7,2604.8,94399.0,-0.97,2593.66,2584.623,2529.688
2024-11-12 16:00:00+00:00,2605.0,2610.0,2598.8,2604.7,58873.0,-0.942,2589.94,2582.085,2563.571
2024-11-12 20:00:00+00:00,2604.6,2607.6,2601.6,2604.7,7019.0,-0.914,2588.299,2581.494,2570.445
2024-11-13 00:00:00+00:00,2604.9,2619.1,2603.9,2617.3,21980.0,-0.887,2587.038,2581.487,2581.519
2024-11-13 04:00:00+00:00,2617.5,2618.2,2609.3,2612.0,14787.0,-0.861,2590.23,2586.654,2554.66
2024-11-13 08:00:00+00:00,2612.1,2617.7,2606.7,2616.7,27765.0,-1.0,2592.174,2588.425,2550.28
2024-11-13 12:00:00+00:00,2616.8,2625.0,2599.3,2611.3,82698.0,0.0,2594.584,2590.451,2586.061
2024-11-13 16:00:00+00:00,2611.3,2612.0,2583.3,2586.9,73706.0,1.0,2594.605,2589.484,2558.062
2024-11-13 20:00:00+00:00,2586.8,2587.0,2573.6,2575.0,13821.0,0.97,2587.091,2578.628,2535.559
2024-11-14 00:00:00+00:00,2575.2,2579.0,2563.8,2565.3,27044.0,0.942,2576.352,2565.838,2549.521
2024-11-14 04:00:00+00:00,2565.2,2569.9,2555.1,2561.9,30068.0,0.914,2564.862,2554.676,2512.073
2024-11-14 08:00:00+00:00,2561.8,2565.2,2541.5,2558.7,47916.0,0.887,2555.444,2547.703,2518.355
2024-11-14 12:00:00+00:00,2558.9,2578.2,2555.1,2575.4,79941.0,-1.0,2548.714,2543.604,2532.336
2024-11-14 16:00:00+00:00,2575.6,2582.7,2572.4,2581.4,42309.0,-0.97,2550.627,2549.125,2541.267
2024-11-14 20:00:00+00:00,2581.4,2582.0,2569.0,2571.8,15654.0,-0.942,2556.605,2556.498,2541.503
2024-11-15 00:00:00+00:00,2571.9,2576.5,2567.6,2572.5,11783.0,-0.914,2558.497,2556.623,2533.743
2024-11-15 04:00:00+00:00,2572.4,2574.3,2558.9,2568.2,14331.0,-0.887,2558.763,2555.49,2540.164
2024-11-15 08:00:00+00:00,2568.1,2578.0,2565.1,2575.3,22550.0,1.0,2557.254,2552.918,2543.273
2024-11-15 12:00:00+00:00,2575.3,2580.8,2565.3,2575.6,68117.0,0.97,2557.96,2554.239,2542.926
2024-11-15 16:00:00+00:00,2575.6,2578.1,2563.7,2568.2,39919.0,0.942,2558.97,2555.842,2533.049
2024-11-15 20:00:00+00:00,2568.2,2568.5,2563.9,2567.4,5542.0,0.914,2557.068,2553.585,2513.02
2024-11-17 20:00:00+00:00,2571.5,2580.0,2568.5,2575.9,4922.0,0.638,2555.107,2551.318,2509.621
2024-11-18 00:00:00+00:00,2575.8,2601.9,2574.4,2594.4,32505.0,0.619,2556.772,2553.75,2510.106
2024-11-18 04:00:00+00:00,2594.4,2597.7,2584.9,2587.1,15718.0,0.6,2564.606,2563.626,2545.67
2024-11-18 08:00:00+00:00,2587.0,2601.8,2586.3,2598.8,28938.0,1.0,2568.907,2567.208,2537.781
2024-11-18 12:00:00+00:00,2598.5,2617.6,2594.7,2617.2,63206.0,0.97,2574.359,2572.513,2570.706
2024-11-18 16:00:00+00:00,2617.3,2619.5,2611.6,2614.0,32220.0,0.0,2584.084,2583.135,2558.089
2024-11-18 20:00:00+00:00,2614.0,2617.1,2612.4,2616.6,7325.0,0.0,2590.432,2588.482,2554.633
2024-11-19 00:00:00+00:00,2616.7,2629.7,2615.0,2628.5,20959.0,0.0,2594.334,2591.168,2561.699
2024-11-19 04:00:00+00:00,2628.4,2630.6,2621.4,2622.9,14931.0,0.0,2599.663,2596.745,2555.605
2024-11-19 08:00:00+00:00,2622.7,2640.6,2622.5,2633.2,46838.0,1.0,2602.022,2598.176,2599.742
2024-11-19 12:00:00+00:00,2633.2,2643.4,2624.5,2628.2,75943.0,0.97,2605.811,2602.008,2580.26
2024-11-19 16:00:00+00:00,2628.5,2637.0,2626.0,2634.5,28292.0,0.0,2607.044,2602.665,2562.97
2024-11-19 20:00:00+00:00,2634.5,2638.4,2634.0,2638.0,5400.0,0.0,2609.035,2604.737,2580.257
2024-11-20 00:00:00+00:00,2638.0,2645.3,2637.4,2641.2,14351.0,0.0,2611.617,2607.546,2583.038
2024-11-20 04:00:00+00:00,2641.2,2642.0,2624.2,2624.6,19566.0,0.0,2614.142,2610.39,2571.548
2024-11-20 08:00:00+00:00,2624.5,2631.5,2621.9,2631.4,29744.0,1.0,2611.582,2605.629,2576.687
2024-11-20 12:00:00+00:00,2631.4,2652.6,2630.3,2652.4,67246.0,0.97,2610.57,2603.991,2579.459
2024-11-20 16:00:00+00:00,2652.4,2659.0,2648.8,2654.4,35643.0,0.0,2615.437,2611.803,2586.161
2024-11-20 20:00:00+00:00,2654.4,2655.5,2650.7,2654.6,5390.0,0.0,2620.51,2618.766,2570.197
2024-11-21 00:00:00+00:00,2654.8,2663.3,2653.1,2659.4,15248.0,0.0,2623.914,2622.324,2597.99
2024-11-21 04:00:00+00:00,2659.5,2667.2,2657.1,2665.5,14223.0,0.0,2627.2,2625.364,2567.556
2024-11-21 08:00:00+00:00,2665.4,2676.2,2664.3,2674.1,32048.0,1.0,2630.964,2629.21,2574.038
2024-11-21 12:00:00+00:00,2674.3,2674.4,2662.8,2670.4,60602.0,0.97,2635.588,2634.612,2607.097
2024-11-21 16:00:00+00:00,2670.3,2676.5,2663.6,2672.3,39767.0,0.942,2637.745,2636.549,2594.048
2024-11-21 20:00:00+00:00,2672.3,2674.4,2670.1,2671.1,10934.0,0.914,2639.166,2637.546,2596.476
2024-11-22 00:00:00+00:00,2671.3,2692.9,2670.8,2688.6,19354.0,0.887,2639.891,2637.541,2580.2
2024-11-22 04:00:00+00:00,2688.6,2701.8,2685.1,2699.1,21102.0,0.861,2643.948,2643.525,2619.36
2024-11-22 08:00:00+00:00,2699.2,2712.4,2695.8,2701.1,45965.0,-1.0,2649.394,2651.848,2591.446
2024-11-22 12:00:00+00:00,2701.0,2707.5,2686.4,2706.0,73576.0,-0.97,2653.728,2657.632,2631.582
2024-11-22 16:00:00+00:00,2706.1,2713.7,2703.1,2710.3,40120.0,0.0,2657.514,2661.999,2598.32
2024-11-22 20:00:00+00:00,2710.3,2718.5,2707.2,2718.2,9562.0,0.0,2660.916,2665.679,2617.614
2024-11-24 20:00:00+00:00,2716.9,2723.2,2690.0,2721.6,7682.0,0.0,2664.576,2670.275,2619.997
2024-11-25 00:00:00+00:00,2721.5,2721.9,2661.0,2674.0,41693.0,0.0,2667.632,2674.239,2639.262
2024-11-25 04:00:00+00:00,2674.0,2678.1,2660.0,2669.4,28830.0,0.0,2660.758,2660.291,2607.02
2024-11-25 08:00:00+00:00,2669.2,2690.3,2668.7,2688.4,31216.0,-1.0,2653.244,2646.429,2628.672
2024-11-25 12:00:00+00:00,2688.5,2689.5,2627.3,2629.6,109970.0,-0.97,2651.267,2645.44,2610.406
2024-11-25 16:00:00+00:00,2629.4,2640.9,2616.6,2626.9,59850.0,-0.942,2638.443,2626.781,2564.217
2024-11-25 20:00:00+00:00,2626.9,2630.0,2605.3,2610.5,10746.0,-0.914,2625.813,2610.799,2576.907
2024-11-26 00:00:00+00:00,2610.7,2632.6,2608.8,2630.5,17301.0,-0.887,2612.27,2596.533,2558.832
2024-11-26 04:00:00+00:00,2630.2,2631.6,2610.9,2614.2,13262.0,-0.861,2607.542,2596.744,2582.851
2024-11-26 08:00:00+00:00,2614.2,2633.6,2612.8,2633.5,27161.0,-1.0,2602.383,2593.766,2537.331
2024-11-26 12:00:00+00:00,2633.7,2642.7,2616.7,2629.9,66287.0,-1.0,2603.504,2598.703,2567.373
2024-11-26 16:00:00+00:00,2630.0,2631.8,2619.7,2628.7,33580.0,-1.0,2605.213,2601.815,2576.679
2024-11-26 20:00:00+00:00,2628.9,2634.3,2628.1,2632.0,3684.0,-0.97,2606.938,2602.623,2560.47
2024-11-27 00:00:00+00:00,2632.5,2640.8,2627.2,2638.3,4075.0,-0.942,2608.411,2603.762,2547.238
2024-11-27 04:00:00+00:00,2637.9,2648.8,2636.8,2647.4,6022.0,-0.914,2611.148,2606.923,2573.213
2024-11-27 08:00:00+00:00,2646.8,2679.1,2642.1,2650.7,49274.0,1.0,2615.342,2612.465,2577.842
2024-11-27 12:00:00+00:00,2675.9,2683.4,2634.5,2668.0,103285.0,0.97,2619.554,2617.232,2564.05
2024-11-27 16:00:00+00:00,2667.8,2669.6,2634.2,2659.9,24615.0,-1.0,2626.314,2625.99,2586.698
2024-11-27 20:00:00+00:00,2659.9,2664.2,2634.8,2661.4,4315.0,-0.97,2629.754,2628.734,2574.786
2024-11-28 00:00:00+00:00,2661.3,2662.7,2620.7,2654.0,15728.0,-0.942,2631.73,2629.42,2598.161
2024-11-28 04:00:00+00:00,2654.0,2658.2,2628.8,2655.3,1379.0,-0.914,2631.031,2626.721,2582.533
2024-11-29 12:00:00+00:00,2681.5,2686.4,2652.4,2682.8,21117.0,0.97,2630.221,2624.963,2583.545
2024-11-29 16:00:00+00:00,2682.8,2686.5,2658.8,2684.9,10641.0,0.942,2635.773,2634.207,2602.224
2024-12-01 20:00:00+00:00,2673.8,2678.5,2645.1,2668.5,4331.0,0.638,2641.136,2642.421,2590.868
2024-12-02 00:00:00+00:00,2668.8,2670.3,2621.7,2652.2,29386.0,0.619,2641.24,2640.795,2575.016
2024-12-02 04:00:00+00:00,2652.3,2656.3,2622.5,2652.3,15490.0,0.6,2637.01,2631.895,2607.885
2024-12-02 08:00:00+00:00,2652.3,2669.2,2625.9,2664.7,28363.0,0.0,2633.106,2625.403,2595.221
2024-12-02 12:00:00+00:00,2664.7,2675.0,2638.1,2665.4,46439.0,0.0,2633.101,2626.931,2594.878
2024-12-02 16:00:00+00:00,2665.5,2667.4,2635.7,2660.6,25005.0,0.0,2633.698,2629.725,2583.255
2024-12-02 20:00:00+00:00,2660.6,2667.4,2639.0,2664.7,7141.0,0.0,2633.041,2629.707,2577.058
2024-12-03 00:00:00+00:00,2664.9,2668.3,2639.2,2663.2,13257.0,0.0,2633.656,2630.628,2597.085
2024-12-03 04:00:00+00:00,2663.1,2672.8,2638.2,2667.3,13732.0,0.0,2634.224,2630.849,2582.856
2024-12-03 08:00:00+00:00,2667.2,2670.9,2640.2,2666.2,25231.0,1.0,2635.467,2632.258,2587.153
2024-12-03 12:00:00+00:00,2666.0,2678.4,2636.0,2663.1,53020.0,1.0,2636.014,2632.893,2578.938
2024-12-03 16:00:00+00:00,2663.1,2671.7,2638.9,2663.3,23942.0,0.97,2635.532,2631.946,2597.602
2024-12-03 20:00:00+00:00,2663.2,2666.7,2641.7,2664.7,3782.0,0.942,2635.156,2631.173,2582.53
2024-12-04 00:00:00+00:00,2664.7,2670.3,2639.2,2666.7,12742.0,0.914,2635.216,2631.3,2584.84
2024-12-04 04:00:00+00:00,2666.5,2673.6,2643.6,2663.6,12618.0,0.887,2635.712,2632.278,2601.405
2024-12-04 08:00:00+00:00,2663.5,2669.6,2645.6,2668.1,24944.0,1.0,2635.475,2631.884,2572.297
2024-12-04 12:00:00+00:00,2668.1,2682.0,2637.0,2679.7,71999.0,0.97,2636.152,2632.974,2602.124
2024-12-04 16:00:00+00:00,2679.7,2680.4,2650.9,2676.2,26741.0,0.942,2639.417,2638.101,2601.998
2024-12-04 20:00:00+00:00,2676.2,2676.4,2672.4,2673.9,4513.0,0.914,2641.398,2640.568,2638.286
2024-12-05 00:00:00+00:00,2674.0,2674.6,2649.8,2672.8,9598.0,0.887,2642.034,2640.484,2604.202
2024-12-05 04:00:00+00:00,2672.8,2680.0,2650.0,2673.5,18722.0,0.861,2642.0,2639.527,2605.952
2024-12-05 08:00:00+00:00,2673.4,2676.4,2644.5,2674.8,18618.0,0.835,2641.999,2639.08,2629.359
2024-12-05 12:00:00+00:00,2675.0,2677.9,2633.2,2663.5,54720.0,1.0,2642.234,2639.406,2636.167
2024-12-05 16:00:00+00:00,2663.7,2666.7,2625.7,2652.8,38767.0,0.97,2639.878,2635.693,2563.483
2024-12-05 20:00:00+00:00,2652.9,2656.8,2651.1,2656.7,4248.0,0.942,2635.335,2628.824,2589.522
2024-12-06 00:00:00+00:00,2656.6,2664.8,2617.5,2662.9,24545.0,0.914,2632.624,2625.761,2601.418
2024-12-06 04:00:00+00:00,2663.0,2666.7,2638.1,2661.8,20628.0,0.887,2632.414,2627.195,2587.048
2024-12-06 08:00:00+00:00,2661.7,2667.9,2636.6,2659.9,22040.0,0.861,2632.483,2628.526,2580.25
2024-12-06 12:00:00+00:00,2659.8,2665.3,2627.0,2659.5,60898.0,-1.0,2632.19,2628.498,2590.129
2024-12-06 16:00:00+00:00,2659.5,2663.7,2635.6,2656.8,22829.0,-0.97,2631.961,2628.065,2598.029
2024-12-06 20:00:00+00:00,2656.8,2658.3,2633.4,2654.9,4746.0,-0.942,2631.353,2626.78,2577.646
2024-12-08 20:00:00+00:00,2665.0,2672.7,2658.5,2662.4,6545.0,-0.657,2630.337,2625.164,2587.875
2024-12-09 00:00:00+00:00,2662.2,2672.9,2630.8,2660.6,21165.0,-0.638,2631.123,2626.935,2583.804
2024-12-09 04:00:00+00:00,2660.5,2673.2,2636.7,2672.3,16576.0,-0.619,2631.626,2628.019,2583.829
2024-12-09 08:00:00+00:00,2672.5,2682.5,2651.6,2678.3,28358.0,1.0,2634.654,2632.678,2587.49
2024-12-09 12:00:00+00:00,2678.3,2700.0,2657.1,2691.2,63892.0,1.0,2638.572,2638.204,2622.999
2024-12-09 16:00:00+00:00,2691.1,2693.5,2663.0,2682.9,28372.0,0.97,2644.232,2645.988,2648.415
2024-12-09 20:00:00+00:00,2682.9,2684.5,2661.6,2683.0,6821.0,0.942,2646.695,2647.904,2613.673
2024-12-10 00:00:00+00:00,2683.0,2694.4,2661.0,2692.7,20036.0,0.914,2647.838,2647.69,2587.326
2024-12-10 04:00:00+00:00,2692.8,2696.9,2665.9,2686.6,13502.0,0.887,2650.31,2650.566,2593.782
2024-12-10 08:00:00+00:00,2686.5,2699.5,2663.6,2697.0,31460.0,1.0,2650.969,2650.778,2608.75
2024-12-10 12:00:00+00:00,2697.1,2717.2,2676.8,2712.4,68730.0,0.97,2653.05,2653.836,2606.522
2024-12-10 16:00:00+00:00,2712.3,2721.1,2692.9,2718.3,33226.0,0.942,2657.716,2661.527,2627.923
2024-12-10 20:00:00+00:00,2718.2,2726.3,2717.3,2723.8,5800.0,0.914,2662.452,2668.851,2628.021
2024-12-11 00:00:00+00:00,2723.8,2741.0,2701.8,2737.6,38666.0,0.887,2666.839,2674.725,2626.383
2024-12-11 04:00:00+00:00,2737.7,2740.9,2700.0,2726.2,43431.0,0.861,2672.138,2682.282,2605.777
2024-12-11 08:00:00+00:00,2726.1,2734.6,2693.1,2727.3,30261.0,1.0,2673.867,2683.341,2619.886
2024-12-11 12:00:00+00:00,2727.5,2759.7,2702.1,2754.7,84990.0,0.97,2674.757,2682.815,2640.68
2024-12-11 16:00:00+00:00,2754.8,2759.0,2726.4,2753.0,39960.0,0.0,2679.609,2691.026,2633.864
2024-12-11 20:00:00+00:00,2753.3,2755.3,2728.4,2753.9,6748.0,0.0,2683.058,2697.269,2648.249
2024-12-12 00:00:00+00:00,2753.9,2761.3,2743.1,2748.3,20105.0,0.0,2685.416,2700.616,2635.483
2024-12-12 04:00:00+00:00,2748.2,2752.9,2744.5,2749.0,13909.0,0.0,2685.958,2700.213,2642.383
2024-12-12 08:00:00+00:00,2749.0,2755.3,2718.4,2742.5,32189.0,-1.0,2686.2,2699.383,2627.228
2024-12-12 12:00:00+00:00,2742.5,2744.5,2677.4,2701.5,105736.0,-0.97,2685.335,2696.826,2624.46
2024-12-12 16:00:00+00:00,2701.2,2711.9,2685.2,2706.4,30263.0,-0.942,2677.79,2681.683,2626.678
2024-12-12 20:00:00+00:00,2706.5,2707.5,2683.6,2704.9,4818.0,-0.914,2672.022,2671.295,2624.508
2024-12-13 00:00:00+00:00,2704.9,2716.4,2703.5,2710.3,18921.0,-0.887,2667.76,2666.109,2610.179
2024-12-13 04:00:00+00:00,2710.3,2711.2,2684.8,2705.3,12726.0,-0.861,2665.854,2666.018,2627.108
2024-12-13 08:00:00+00:00,2705.2,2706.4,2664.0,2685.4,38011.0,-0.835,2664.021,2665.385,2607.06
2024-12-13 12:00:00+00:00,2685.3,2695.1,2658.3,2679.2,63500.0,-0.811,2659.146,2658.065,2612.944
2024-12-13 16:00:00+00:00,2679.1,2683.7,2671.2,2672.8,27844.0,-0.787,2654.183,2650.19,2602.503
2024-12-13 20:00:00+00:00,2672.9,2673.3,2647.9,2665.9,10758.0,0.0,2649.455,2643.413,2604.237
2024-12-15 20:00:00+00:00,2668.0,2670.8,2666.2,2669.3,2590.0,0.0,2644.347,2637.293,2588.704
2024-12-16 00:00:00+00:00,2669.2,2674.1,2661.4,2671.7,14241.0,0.0,2641.299,2635.21,2598.618
2024-12-16 04:00:00+00:00,2671.7,2674.4,2667.6,2672.2,9592.0,0.0,2640.05,2635.808,2592.506
2024-12-16 08:00:00+00:00,2672.3,2683.3,2657.1,2682.5,24061.0,1.0,2639.862,2636.893,2580.474
2024-12-16 12:00:00+00:00,2682.4,2683.4,2662.5,2672.8,36065.0,0.97,2642.347,2641.25,2587.738
2024-12-16 16:00:00+00:00,2672.8,2674.2,2651.0,2669.9,18830.0,0.942,2642.492,2640.948,2604.848
2024-12-16 20:00:00+00:00,2669.8,2671.0,2651.8,2668.4,4100.0,0.914,2641.626,2638.675,2580.053
2024-12-17 00:00:00+00:00,2668.5,2675.8,2651.9,2670.8,11296.0,0.887,2640.476,2636.484,2569.398
2024-12-17 04:00:00+00:00,2670.7,2673.4,2663.7,2670.4,13373.0,0.861,2640.026,2636.146,2602.603
2024-12-17 08:00:00+00:00,2670.2,2670.2,2637.2,2657.2,35163.0,0.835,2639.72,2636.223,2592.656
2024-12-17 12:00:00+00:00,2657.1,2662.0,2632.5,2654.4,51980.0,1.0,2636.598,2631.572,2588.106
2024-12-17 16:00:00+00:00,2654.5,2665.3,2651.0,2662.0,20632.0,0.0,2633.206,2626.886,2563.83
2024-12-17 20:00:00+00:00,2662.0,2664.1,2659.9,2663.6,4250.0,0.0,2632.611,2627.126,2586.822
2024-12-18 00:00:00+00:00,2663.7,2667.6,2660.1,2660.5,8794.0,0.0,2633.018,2628.907,2584.924
2024-12-18 04:00:00+00:00,2660.4,2664.6,2657.3,2659.5,9027.0,0.0,2632.787,2629.04,2588.706
2024-12-18 08:00:00+00:00,2658.5,2665.5,2657.3,2661.8,13529.0,-1.0,2632.315,2628.381,2599.536
2024-12-18 12:00:00+00:00,2661.7,2664.1,2649.6,2654.8,34772.0,-0.97,2632.6,2628.721,2595.168
2024-12-18 16:00:00+00:00,2654.8,2656.2,2618.9,2619.5,51615.0,-0.942,2631.423,2626.584,2613.665
2024-12-18 20:00:00+00:00,2619.4,2624.6,2596.7,2601.5,30351.0,-0.914,2621.794,2611.672,2545.268
2024-12-19 00:00:00+00:00,2601.7,2630.0,2601.4,2623.1,28093.0,-0.887,2608.228,2593.579,2568.825
2024-12-19 04:00:00+00:00,2623.4,2635.9,2616.1,2630.1,23107.0,-0.861,2603.118,2591.478,2563.869
2024-12-19 08:00:00+00:00,2630.0,2640.9,2626.5,2630.9,28258.0,-1.0,2603.328,2596.599,2561.228
2024-12-19 12:00:00+00:00,2630.8,2630.9,2601.0,2603.1,66105.0,1.0,2604.837,2601.017,2565.355
2024-12-19 16:00:00+00:00,2603.0,2616.0,2601.7,2611.4,27614.0,0.97,2598.867,2592.445,2580.391
2024-12-19 20:00:00+00:00,2611.5,2615.5,2607.6,2608.8,5043.0,0.942,2595.775,2588.307,2567.011
2024-12-20 00:00:00+00:00,2608.7,2618.0,2603.7,2612.3,19851.0,0.914,2593.872,2586.174,2540.668
2024-12-20 04:00:00+00:00,2612.3,2621.5,2610.6,2620.0,10077.0,0.887,2593.216,2586.702,2549.988
2024-12-20 08:00:00+00:00,2620.1,2622.3,2614.8,2618.4,16436.0,0.861,2594.912,2590.545,2544.539
2024-12-20 12:00:00+00:00,2618.4,2652.7,2614.4,2652.1,58089.0,0.835,2596.534,2592.714,2563.694
2024-12-20 16:00:00+00:00,2652.2,2653.8,2641.2,2648.0,31073.0,0.811,2606.981,2606.5,2579.395
2024-12-20 20:00:00+00:00,2647.8,2648.2,2638.0,2640.8,7218.0,0.787,2614.851,2614.774,2577.451
2024-12-22 20:00:00+00:00,2639.1,2641.9,2638.0,2641.4,1806.0,0.549,2617.398,2615.211,2569.539
2024-12-23 00:00:00+00:00,2641.5,2643.0,2634.2,2639.1,12415.0,0.533,2618.425,2614.115,2559.881
2024-12-23 04:00:00+00:00,2639.0,2646.8,2638.8,2643.9,11217.0,0.517,2618.126,2612.384,2565.35
2024-12-23 08:00:00+00:00,2643.9,2646.5,2627.2,2630.0,19003.0,1.0,2618.679,2613.088,2583.09
2024-12-23 12:00:00+00:00,2630.2,2633.9,2624.0,2624.7,30767.0,-1.0,2615.592,2608.744,2560.834
2024-12-23 16:00:00+00:00,2624.6,2633.0,2623.2,2626.8,21616.0,-0.97,2611.058,2603.186,2592.956
2024-12-23 20:00:00+00:00,2626.8,2631.9,2624.9,2629.9,3786.0,-0.942,2608.505,2600.814,2561.012
2024-12-24 00:00:00+00:00,2629.8,2634.0,2627.4,2632.0,7086.0,-0.914,2607.885,2601.388,2579.592
2024-12-24 04:00:00+00:00,2632.0,2633.5,2631.6,2633.4,1853.0,-0.887,2608.344,2603.092,2566.201
2024-12-24 12:00:00+00:00,2628.6,2632.6,2624.2,2626.6,10024.0,0.97,2609.327,2604.777,2571.322
2024-12-24 16:00:00+00:00,2626.5,2635.8,2626.5,2634.2,8437.0,0.0,2608.43,2603.089,2570.036
2024-12-26 04:00:00+00:00,2643.8,2644.0,2638.4,2640.0,5622.0,0.0,2609.594,2604.374,2568.568
2024-12-26 08:00:00+00:00,2640.0,2646.2,2639.9,2643.8,8381.0,0.0,2612.192,2607.932,2584.248
2024-12-26 12:00:00+00:00,2643.8,2655.6,2637.9,2652.8,27873.0,0.0,2615.154,2611.742,2600.57
2024-12-26 16:00:00+00:00,2652.9,2654.6,2645.3,2653.4,20689.0,0.0,2619.511,2617.221,2584.277
2024-12-26 20:00:00+00:00,2653.3,2655.7,2651.8,2652.8,3951.0,0.0,2622.958,2620.797,2585.118
2024-12-27 00:00:00+00:00,2652.8,2653.9,2647.2,2652.5,8275.0,0.0,2625.037,2622.108,2572.251
2024-12-27 04:00:00+00:00,2652.4,2652.6,2647.3,2648.8,8666.0,0.0,2626.122,2622.248,2560.207
2024-12-27 08:00:00+00:00,2648.7,2648.7,2638.3,2644.2,13675.0,0.0,2625.621,2620.704,2596.05
2024-12-27 12:00:00+00:00,2644.1,2646.5,2625.2,2633.3,38465.0,0.0,2623.827,2617.789,2568.321
2024-12-27 16:00:00+00:00,2633.4,2637.0,2629.0,2636.3,16130.0,0.0,2619.568,2611.805,2564.807
2024-12-27 20:00:00+00:00,2636.3,2636.6,2628.6,2636.1,5534.0,0.0,2616.701,2608.971,2589.847
2024-12-29 20:00:00+00:00,2636.1,2640.5,2633.6,2638.7,1756.0,0.0,2614.983,2608.083,2582.149
2024-12-30 00:00:00+00:00,2638.9,2640.7,2635.4,2639.9,7304.0,0.0,2614.67,2608.959,2572.681
2024-12-30 04:00:00+00:00,2639.8,2639.8,2627.6,2628.9,9148.0,0.0,2615.108,2610.26,2572.912
2024-12-30 08:00:00+00:00,2628.8,2631.7,2621.3,2629.5,19168.0,1.0,2612.889,2606.888,2562.505
2024-12-30 12:00:00+00:00,2629.4,2636.9,2611.9,2613.6,42437.0,0.97,2610.998,2604.256,2568.036
2024-12-30 16:00:00+00:00,2613.7,2621.7,2608.4,2620.3,21958.0,0.942,2605.588,2596.92,2560.313
2024-12-30 20:00:00+00:00,2620.3,2623.2,2617.8,2620.2,3361.0,0.914,2602.598,2594.458,2581.005
2024-12-31 00:00:00+00:00,2620.2,2624.0,2615.5,2616.6,6760.0,0.887,2601.071,2594.217,2542.067
2024-12-31 04:00:00+00:00,2616.5,2626.5,2614.3,2625.9,7920.0,0.861,2599.325,2593.1,2568.148
2024-12-31 08:00:00+00:00,2626.0,2629.7,2622.2,2623.4,11486.0,1.0,2600.74,2595.926,2592.475
2024-12-31 12:00:00+00:00,2623.6,2641.0,2617.4,2640.2,26272.0,0.97,2601.911,2597.351,2561.25
2024-12-31 16:00:00+00:00,2640.0,2642.0,2636.5,2637.9,25871.0,1.0,2607.115,2604.23,2579.627
2024-12-31 20:00:00+00:00,2637.8,2639.4,2636.8,2639.3,2520.0,0.97,2611.018,2608.248,2578.319
2025-01-02 04:00:00+00:00,2645.8,2648.8,2643.6,2647.9,6878.0,0.763,2613.54,2610.257,2580.775
2025-01-02 08:00:00+00:00,2648.0,2659.4,2642.6,2654.6,23550.0,0.741,2617.303,2614.224,2570.153
2025-01-02 12:00:00+00:00,2654.7,2669.7,2648.2,2667.7,54357.0,0.719,2621.718,2619.312,2592.917
2025-01-02 16:00:00+00:00,2667.7,2674.2,2663.2,2668.2,34002.0,1.0,2627.841,2627.11,2602.289
2025-01-02 20:00:00+00:00,2668.3,2674.1,2667.7,2671.1,5014.0,1.0,2632.454,2632.142,2595.535
2025-01-03 00:00:00+00:00,2671.3,2681.0,2670.3,2677.4,18451.0,0.97,2635.865,2635.325,2603.368
2025-01-03 04:00:00+00:00,2677.1,2679.4,2667.9,2669.6,9639.0,0.942,2639.528,2639.016,2589.56
2025-01-03 08:00:00+00:00,2669.6,2673.5,2664.3,2672.1,17668.0,-1.0,2640.254,2638.388,2574.953
2025-01-03 12:00:00+00:00,2672.1,2672.8,2655.0,2657.9,40284.0,-0.97,2640.646,2637.956,2594.719
2025-01-03 16:00:00+00:00,2657.8,2661.3,2652.3,2653.3,22131.0,-0.942,2637.675,2632.708,2616.404
2025-01-03 20:00:00+00:00,2653.3,2654.0,2649.7,2652.6,5814.0,-0.914,2633.808,2626.996,2579.975
2025-01-05 20:00:00+00:00,2652.8,2655.2,2651.6,2653.6,1804.0,-0.638,2630.714,2623.516,2588.802
2025-01-06 00:00:00+00:00,2653.6,2661.0,2651.2,2652.2,10886.0,-0.619,2628.802,2622.435,2571.212
2025-01-06 04:00:00+00:00,2652.2,2652.9,2636.6,2638.7,19844.0,-0.6,2627.375,2621.826,2577.802
2025-01-06 08:00:00+00:00,2638.6,2663.8,2637.5,2659.4,27067.0,-0.583,2623.391,2616.574,2550.574
2025-01-06 12:00:00+00:00,2659.4,2661.7,2624.6,2645.5,75458.0,-1.0,2625.051,2620.325,2577.465
2025-01-06 16:00:00+00:00,2644.3,2652.7,2643.4,2645.6,23535.0,0.0,2624.215,2619.301,2575.478
2025-01-06 20:00:00+00:00,2645.5,2647.8,2643.7,2645.1,3551.0,0.0,2623.04,2617.579,2568.682
2025-01-07 00:00:00+00:00,2645.3,2652.1,2643.5,2650.7,9017.0,0.0,2622.037,2616.371,2576.438
2025-01-07 04:00:00+00:00,2650.5,2657.6,2647.7,2652.2,10608.0,0.0,2622.765,2617.918,2574.66
2025-01-07 08:00:00+00:00,2652.1,2659.9,2651.2,2659.6,14983.0,1.0,2624.03,2619.918,2579.706
2025-01-07 12:00:00+00:00,2659.7,2678.5,2653.8,2661.0,85484.0,-1.0,2626.752,2623.807,2587.299
2025-01-07 16:00:00+00:00,2661.1,2670.4,2659.9,2663.7,28278.0,1.0,2629.108,2626.851,2597.53
2025-01-07 20:00:00+00:00,2663.8,2666.0,2661.6,2663.8,4497.0,0.97,2631.605,2629.361,2596.392
2025-01-08 00:00:00+00:00,2663.8,2666.2,2659.3,2660.1,8518.0,0.942,2633.22,2630.642,2581.392
2025-01-08 04:00:00+00:00,2660.0,2668.5,2658.4,2666.4,9018.0,0.914,2633.32,2629.753,2580.285
2025-01-08 08:00:00+00:00,2666.4,2669.3,2660.3,2664.1,20001.0,0.887,2634.45,2631.074,2587.388
2025-01-08 12:00:00+00:00,2664.1,2683.9,2658.9,2681.5,70324.0,-1.0,2634.886,2631.491,2571.545
2025-01-08 16:00:00+00:00,2681.3,2687.0,2665.3,2674.6,58166.0,-0.97,2638.855,2637.74,2586.987
2025-01-08 20:00:00+00:00,2674.8,2681.5,2674.7,2679.2,6316.0,-0.942,2640.776,2640.054,2589.717
2025-01-09 00:00:00+00:00,2679.2,2680.9,2674.3,2678.0,8991.0,-0.914,2642.747,2642.036,2580.373
2025-01-09 04:00:00+00:00,2678.0,2683.9,2673.7,2678.9,10866.0,-0.887,2643.906,2642.717,2594.686
2025-01-09 08:00:00+00:00,2678.8,2690.7,2676.9,2687.3,31263.0,-1.0,2644.74,2643.126,2586.594
2025-01-09 12:00:00+00:00,2687.3,2696.8,2686.0,2687.5,41280.0,-0.97,2646.915,2646.256,2614.52
2025-01-09 16:00:00+00:00,2687.5,2693.5,2681.8,2691.3,37470.0,-0.942,2648.664,2648.695,2613.108
2025-01-09 20:00:00+00:00,2691.3,2693.8,2690.6,2693.3,2724.0,-0.914,2650.499,2651.188,2611.935
2025-01-10 00:00:00+00:00,2693.5,2698.7,2692.9,2697.7,9191.0,-0.887,2652.335,2653.348,2593.21
2025-01-10 04:00:00+00:00,2697.6,2703.4,2694.9,2700.1,13707.0,-0.861,2700.1,2700.1,2700.1
